mean_fit_time,std_fit_time,mean_score_time,std_score_time,param_balancer,param_classifier,param_classifier__colsample_bytree,param_classifier__learning_rate,param_classifier__max_depth,param_classifier__min_child_weight,param_classifier__n_estimators,param_classifier__reg_alpha,param_classifier__reg_lambda,param_classifier__scale_pos_weight,param_classifier__subsample,param_imputer,param_normalizer,param_selector,param_tamer__contamination,param_tamer__detector,param_tamer__mad_threshold,param_tamer__remediation,param_classifier__min_child_samples,param_classifier__num_leaves,param_classifier__max_features,param_classifier__min_samples_leaf,param_classifier__depth,param_classifier__iterations,param_classifier__l2_leaf_reg,param_classifier__C,param_classifier__penalty,param_classifier__estimator__xgb__learning_rate,param_classifier__estimator__xgb__max_depth,param_classifier__estimator__xgb__scale_pos_weight,params,split0_test_pr_auc,split1_test_pr_auc,split2_test_pr_auc,split3_test_pr_auc,split4_test_pr_auc,mean_test_pr_auc,std_test_pr_auc,rank_test_pr_auc,split0_test_roc_auc,split1_test_roc_auc,split2_test_roc_auc,split3_test_roc_auc,split4_test_roc_auc,mean_test_roc_auc,std_test_roc_auc,rank_test_roc_auc
5.265907907485962,0.42090303765549114,0.32101807594299314,0.04245144994047157,BorderlineSMOTESampler(),XGBoostEstimator(),0.5348103198894097,0.016236046165317316,11,12.0,126.0,0.002269278752676838,0.10347779689878642,9.238533665507816,0.8613011239993278,KNNImputerWrapper(),RobustScalerNorm(),SelectKBestFilter(k=20),0.017308626575886044,iforest,2.3674792549454415,shrink,,,,,,,,,,,,,"{'balancer': BorderlineSMOTESampler(), 'classifier': XGBoostEstimator(), 'classifier__colsample_bytree': 0.5348103198894097, 'classifier__learning_rate': 0.016236046165317316, 'classifier__max_depth': 11, 'classifier__min_child_weight': 12, 'classifier__n_estimators': 126, 'classifier__reg_alpha': 0.002269278752676838, 'classifier__reg_lambda': 0.10347779689878642, 'classifier__scale_pos_weight': 9.238533665507816, 'classifier__subsample': 0.8613011239993278, 'imputer': KNNImputerWrapper(), 'normalizer': RobustScalerNorm(), 'selector': SelectKBestFilter(k=20), 'tamer__contamination': 0.017308626575886044, 'tamer__detector': 'iforest', 'tamer__mad_threshold': 2.3674792549454415, 'tamer__remediation': 'shrink'}",0.2681948208021584,0.22490832961651772,0.24696327004937701,0.24178829869271423,0.2122220177466467,0.23881534738148283,0.019178064896955727,64,0.7119021370420624,0.6766004102709203,0.7221192615123435,0.7069038692791965,0.6916672561363798,0.7018385868481805,0.015991619172792647,52
6.350482225418091,0.2944306269778782,0.19967756271362305,0.0798587347991578,BorderlineSMOTESampler(),XGBoostEstimator(),0.8419374188963815,0.05463642015934537,9,27.0,333.0,0.024837040528698836,0.28249762844686366,7.30312628827239,0.9521269820341016,IterativeModelImputer(),RobustScalerNorm(),SelectKBestFilter(),0.03854465238600047,iforest,2.670229295955927,mad_replace,,,,,,,,,,,,,"{'balancer': BorderlineSMOTESampler(), 'classifier': XGBoostEstimator(), 'classifier__colsample_bytree': 0.8419374188963815, 'classifier__learning_rate': 0.05463642015934537, 'classifier__max_depth': 9, 'classifier__min_child_weight': 27, 'classifier__n_estimators': 333, 'classifier__reg_alpha': 0.024837040528698836, 'classifier__reg_lambda': 0.28249762844686366, 'classifier__scale_pos_weight': 7.30312628827239, 'classifier__subsample': 0.9521269820341016, 'imputer': IterativeModelImputer(), 'normalizer': RobustScalerNorm(), 'selector': SelectKBestFilter(), 'tamer__contamination': 0.03854465238600047, 'tamer__detector': 'iforest', 'tamer__mad_threshold': 2.670229295955927, 'tamer__remediation': 'mad_replace'}",0.1878182693885588,0.16347844750224122,0.19861575240583798,0.2094840739844709,0.1841334177667808,0.18870599220957793,0.015414652316507635,187,0.6492607982813208,0.624694065218929,0.6719742519629343,0.6564759142675249,0.636139209167433,0.6477088477796283,0.016319415426265572,172
5.2007057666778564,2.175265400906239,0.14870786666870117,0.02108075065644571,SMOTESampler(k_neighbors=5),XGBoostEstimator(),0.6738353959699224,0.012684729068059923,3,7.0,952.0,2.4562276939551966,0.43695413555275625,2.448607370335588,0.9109792041335418,IterativeModelImputer(),ZScoreNormalizationNorm(),SelectKBestFilter(k=30),0.005463177020702676,iforest,3.0055773934647387,mad_replace,,,,,,,,,,,,,"{'balancer': SMOTESampler(k_neighbors=5), 'classifier': XGBoostEstimator(), 'classifier__colsample_bytree': 0.6738353959699224, 'classifier__learning_rate': 0.012684729068059923, 'classifier__max_depth': 3, 'classifier__min_child_weight': 7, 'classifier__n_estimators': 952, 'classifier__reg_alpha': 2.4562276939551966, 'classifier__reg_lambda': 0.43695413555275625, 'classifier__scale_pos_weight': 2.448607370335588, 'classifier__subsample': 0.9109792041335418, 'imputer': IterativeModelImputer(), 'normalizer': ZScoreNormalizationNorm(), 'selector': SelectKBestFilter(k=30), 'tamer__contamination': 0.005463177020702676, 'tamer__detector': 'iforest', 'tamer__mad_threshold': 3.0055773934647387, 'tamer__remediation': 'mad_replace'}",0.2114783063875963,0.21085249758593777,0.2002471375549129,0.23793132663282834,0.19224790408952927,0.2105514344501609,0.01543895064246663,149,0.6922631162369968,0.6673693145646178,0.6973898281106317,0.6926575652542971,0.6768479875503997,0.6853055623433886,0.011328976457547211,104
2.0478675365448,0.23984989564316858,0.1593529224395752,0.03540387694628917,SMOTESampler(k_neighbors=5),XGBoostEstimator(),0.8891337491828115,0.11598157060224928,9,2.0,174.0,0.021348412848947847,5.323294716289609,5.977567963026952,0.7870066069937882,IterativeModelImputer(),RobustScalerNorm(),SelectKBestFilter(),0.10007343967182925,statistical,3.4961823308821343,winsorize,,,,,,,,,,,,,"{'balancer': SMOTESampler(k_neighbors=5), 'classifier': XGBoostEstimator(), 'classifier__colsample_bytree': 0.8891337491828115, 'classifier__learning_rate': 0.11598157060224928, 'classifier__max_depth': 9, 'classifier__min_child_weight': 2, 'classifier__n_estimators': 174, 'classifier__reg_alpha': 0.021348412848947847, 'classifier__reg_lambda': 5.323294716289609, 'classifier__scale_pos_weight': 5.977567963026952, 'classifier__subsample': 0.7870066069937882, 'imputer': IterativeModelImputer(), 'normalizer': RobustScalerNorm(), 'selector': SelectKBestFilter(), 'tamer__contamination': 0.10007343967182925, 'tamer__detector': 'statistical', 'tamer__mad_threshold': 3.4961823308821343, 'tamer__remediation': 'winsorize'}",0.17896365076058235,0.22183567933145334,0.20949491658531383,0.2337228063863878,0.20094728686630636,0.20899286798600875,0.01867214487980877,152,0.6236572817729534,0.6220414515102214,0.6394779656221263,0.6604937398316475,0.6426328075263493,0.6376606492526595,0.014067186363752334,183
5.4605954647064205,0.5116695379469675,0.1481940269470215,0.007846406940243656,SMOTESampler(k_neighbors=5),XGBoostEstimator(),0.874249601160203,0.035993584844514606,9,6.0,107.0,0.018457165276857906,1.3426338966910483,3.2234127575091778,0.9748107327238845,IterativeModelImputer(),RobustScalerNorm(),SelectKBestFilter(k=40),0.010874360777341236,statistical,2.8112694495091035,shrink,,,,,,,,,,,,,"{'balancer': SMOTESampler(k_neighbors=5), 'classifier': XGBoostEstimator(), 'classifier__colsample_bytree': 0.874249601160203, 'classifier__learning_rate': 0.035993584844514606, 'classifier__max_depth': 9, 'classifier__min_child_weight': 6, 'classifier__n_estimators': 107, 'classifier__reg_alpha': 0.018457165276857906, 'classifier__reg_lambda': 1.3426338966910483, 'classifier__scale_pos_weight': 3.2234127575091778, 'classifier__subsample': 0.9748107327238845, 'imputer': IterativeModelImputer(), 'normalizer': RobustScalerNorm(), 'selector': SelectKBestFilter(k=40), 'tamer__contamination': 0.010874360777341236, 'tamer__detector': 'statistical', 'tamer__mad_threshold': 2.8112694495091035, 'tamer__remediation': 'shrink'}",0.20726055396426055,0.22656295076549932,0.23020287554069227,0.22171853259302401,0.20629608709001013,0.21840819999069722,0.009874673911745483,117,0.668058853459973,0.653922331470609,0.7009337200254651,0.6885477824149395,0.6932446770884911,0.6809414728918955,0.01734883633033887,116
6.403126382827759,1.4125368733093826,0.4415910720825195,0.08990471251083428,SMOTESampler(),XGBoostEstimator(),0.5085901968554356,0.17055812318989266,7,45.0,868.0,0.008753789103862755,0.3846106300126301,1.7597972740470749,0.5811177503211706,IterativeModelImputer(),RobustScalerNorm(),TreeBasedSelection(),0.025438360181032665,statistical,3.77899058022937,winsorize,,,,,,,,,,,,,"{'balancer': SMOTESampler(), 'classifier': XGBoostEstimator(), 'classifier__colsample_bytree': 0.5085901968554356, 'classifier__learning_rate': 0.17055812318989266, 'classifier__max_depth': 7, 'classifier__min_child_weight': 45, 'classifier__n_estimators': 868, 'classifier__reg_alpha': 0.008753789103862755, 'classifier__reg_lambda': 0.3846106300126301, 'classifier__scale_pos_weight': 1.7597972740470749, 'classifier__subsample': 0.5811177503211706, 'imputer': IterativeModelImputer(), 'normalizer': RobustScalerNorm(), 'selector': TreeBasedSelection(), 'tamer__contamination': 0.025438360181032665, 'tamer__detector': 'statistical', 'tamer__mad_threshold': 3.77899058022937, 'tamer__remediation': 'winsorize'}",0.19955670481198906,0.21093246782192837,0.19210688667268905,0.20203888029695483,0.20345997405258778,0.2016189827312298,0.006083412351448424,167,0.6515999547715966,0.6617599207752707,0.670757586475207,0.6440616821107732,0.6505199122869068,0.6557398112839508,0.009407866372884289,167
16.18189311027527,1.548306195120793,0.6238393783569336,0.0899295912492777,SMOTESampler(k_neighbors=5),XGBoostEstimator(),0.9779179449870432,0.02818660894776477,11,24.0,837.0,1.1398315795852432,1.9888996020836578,2.7654564246923647,0.9617991835923938,KNNImputerWrapper(),RobustScalerNorm(),SelectKBestFilter(k=40),0.13161992329146793,iforest,2.5473593477019367,winsorize,,,,,,,,,,,,,"{'balancer': SMOTESampler(k_neighbors=5), 'classifier': XGBoostEstimator(), 'classifier__colsample_bytree': 0.9779179449870432, 'classifier__learning_rate': 0.02818660894776477, 'classifier__max_depth': 11, 'classifier__min_child_weight': 24, 'classifier__n_estimators': 837, 'classifier__reg_alpha': 1.1398315795852432, 'classifier__reg_lambda': 1.9888996020836578, 'classifier__scale_pos_weight': 2.7654564246923647, 'classifier__subsample': 0.9617991835923938, 'imputer': KNNImputerWrapper(), 'normalizer': RobustScalerNorm(), 'selector': SelectKBestFilter(k=40), 'tamer__contamination': 0.13161992329146793, 'tamer__detector': 'iforest', 'tamer__mad_threshold': 2.5473593477019367, 'tamer__remediation': 'winsorize'}",0.23003677422049373,0.22691318174827535,0.2349462042441855,0.24419154959451944,0.21336046800881675,0.22988963556325817,0.010121343180848093,95,0.6957259158751696,0.6695055528046968,0.7149253731343285,0.7033741246374761,0.6844592204852515,0.6935980373873845,0.015613588867270782,76
7.112185668945313,0.880860720968651,0.20775079727172852,0.04541574873577751,SMOTESampler(k_neighbors=5),XGBoostEstimator(),0.957643916667313,0.024736462928470627,11,2.0,156.0,0.23663482653895482,0.20048064528006432,4.718506226328556,0.5684772064395809,ClassMeanImputer(),RobustScalerNorm(),SelectKBestFilter(k=20),0.06347623661875154,cluster,2.902495996054107,percentile_clip,,,,,,,,,,,,,"{'balancer': SMOTESampler(k_neighbors=5), 'classifier': XGBoostEstimator(), 'classifier__colsample_bytree': 0.957643916667313, 'classifier__learning_rate': 0.024736462928470627, 'classifier__max_depth': 11, 'classifier__min_child_weight': 2, 'classifier__n_estimators': 156, 'classifier__reg_alpha': 0.23663482653895482, 'classifier__reg_lambda': 0.20048064528006432, 'classifier__scale_pos_weight': 4.718506226328556, 'classifier__subsample': 0.5684772064395809, 'imputer': ClassMeanImputer(), 'normalizer': RobustScalerNorm(), 'selector': SelectKBestFilter(k=20), 'tamer__contamination': 0.06347623661875154, 'tamer__detector': 'cluster', 'tamer__mad_threshold': 2.902495996054107, 'tamer__remediation': 'percentile_clip'}",0.20000828133869908,0.20616031126593787,0.21978039941629116,0.2290362595521642,0.20059025127255217,0.2111151005691289,0.011444991625842038,146,0.6546952736318409,0.6483270849543751,0.6838791822876141,0.6921270425125557,0.6716064228619935,0.670127001249676,0.01666545861912483,139
6.355772542953491,0.18288848705935876,0.7446450233459473,0.1508976984896428,"FunctionSampler(func=<function _identity at 0x70fa04776fc0>, validate=False)",XGBoostEstimator(),0.8111714780442342,0.09902082673965637,7,28.0,903.0,4.483150007491824,2.9045262231390967,6.329943047951016,0.8226563851346749,KNNImputerWrapper(),RobustScalerNorm(),TreeBasedSelection(),0.012079906741284086,cluster,2.432612930670656,percentile_clip,,,,,,,,,,,,,"{'balancer': FunctionSampler(func=<function _identity at 0x70fa04776fc0>, validate=False), 'classifier': XGBoostEstimator(), 'classifier__colsample_bytree': 0.8111714780442342, 'classifier__learning_rate': 0.09902082673965637, 'classifier__max_depth': 7, 'classifier__min_child_weight': 28, 'classifier__n_estimators': 903, 'classifier__reg_alpha': 4.483150007491824, 'classifier__reg_lambda': 2.9045262231390967, 'classifier__scale_pos_weight': 6.329943047951016, 'classifier__subsample': 0.8226563851346749, 'imputer': KNNImputerWrapper(), 'normalizer': RobustScalerNorm(), 'selector': TreeBasedSelection(), 'tamer__contamination': 0.012079906741284086, 'tamer__detector': 'cluster', 'tamer__mad_threshold': 2.432612930670656, 'tamer__remediation': 'percentile_clip'}",0.2446069020803422,0.23220377532883973,0.22612352446193978,0.22823099661191798,0.23041561714838235,0.23231616312628445,0.00647648560787661,81,0.6894575418362733,0.6596731979910873,0.6715993492254368,0.6932871189078307,0.6772936266534626,0.6782621669228182,0.012181679502199273,118
9.801987266540527,0.7803765646868083,0.40442357063293455,0.05213094326339013,SMOTESampler(),XGBoostEstimator(),0.766292411505064,0.0886030730681788,5,3.0,710.0,0.4481243527853089,0.1370705297138596,2.9570354634402016,0.8319616015201499,MeanImputer(),RobustScalerNorm(),TreeBasedSelection(),0.03277759219089208,iforest,3.63972495093119,mad_replace,,,,,,,,,,,,,"{'balancer': SMOTESampler(), 'classifier': XGBoostEstimator(), 'classifier__colsample_bytree': 0.766292411505064, 'classifier__learning_rate': 0.0886030730681788, 'classifier__max_depth': 5, 'classifier__min_child_weight': 3, 'classifier__n_estimators': 710, 'classifier__reg_alpha': 0.4481243527853089, 'classifier__reg_lambda': 0.1370705297138596, 'classifier__scale_pos_weight': 2.9570354634402016, 'classifier__subsample': 0.8319616015201499, 'imputer': MeanImputer(), 'normalizer': RobustScalerNorm(), 'selector': TreeBasedSelection(), 'tamer__contamination': 0.03277759219089208, 'tamer__detector': 'iforest', 'tamer__mad_threshold': 3.63972495093119, 'tamer__remediation': 'mad_replace'}",0.21448424610364059,0.19983684568492902,0.23779420996725403,0.20573255252897021,0.20263104682967792,0.21209578022289435,0.013758396574345341,141,0.6582782112166441,0.6455825139704321,0.6944401216665487,0.6569003324609183,0.6471953031053264,0.6604792964839739,0.01771648958599589,160
4.0922589778900145,0.45110863645250376,0.3153337001800537,0.042649632647631185,"FunctionSampler(func=<function _identity at 0x70fa04776fc0>, validate=False)",XGBoostEstimator(),0.9347407277322924,0.050989471002123664,4,1.0,380.0,0.006171513727758182,0.9550378274806904,7.68110967042802,0.765643683896571,ClassMeanImputer(),RobustScalerNorm(),TreeBasedSelection(),0.03480311661567021,cluster,3.0779446245610744,none,,,,,,,,,,,,,"{'balancer': FunctionSampler(func=<function _identity at 0x70fa04776fc0>, validate=False), 'classifier': XGBoostEstimator(), 'classifier__colsample_bytree': 0.9347407277322924, 'classifier__learning_rate': 0.050989471002123664, 'classifier__max_depth': 4, 'classifier__min_child_weight': 1, 'classifier__n_estimators': 380, 'classifier__reg_alpha': 0.006171513727758182, 'classifier__reg_lambda': 0.9550378274806904, 'classifier__scale_pos_weight': 7.68110967042802, 'classifier__subsample': 0.765643683896571, 'imputer': ClassMeanImputer(), 'normalizer': RobustScalerNorm(), 'selector': TreeBasedSelection(), 'tamer__contamination': 0.03480311661567021, 'tamer__detector': 'cluster', 'tamer__mad_threshold': 3.0779446245610744, 'tamer__remediation': 'none'}",0.25441605855438143,0.24324212751263805,0.23593716333431927,0.24008744364777262,0.23145512812889582,0.24102758423560147,0.007779249471541564,57,0.7010049185888737,0.6766711466364858,0.6933224870906133,0.6929617316262291,0.679458159439768,0.6886836886763941,0.009176539268384206,89
1.2804952621459962,0.0673490772175278,0.09776144027709961,0.025648545531526363,"FunctionSampler(func=<function _identity at 0x70fa04776fc0>, validate=False)",XGBoostEstimator(),0.6868240282564925,0.01207234625246113,3,1.0,438.0,0.7046162071922542,3.232112203635603,5.466175860720501,0.8692144797029759,InterpolateImputer(),ZScoreNormalizationNorm(),SelectKBestFilter(),0.015982137129454774,statistical,3.5618700832482917,mad_replace,,,,,,,,,,,,,"{'balancer': FunctionSampler(func=<function _identity at 0x70fa04776fc0>, validate=False), 'classifier': XGBoostEstimator(), 'classifier__colsample_bytree': 0.6868240282564925, 'classifier__learning_rate': 0.01207234625246113, 'classifier__max_depth': 3, 'classifier__min_child_weight': 1, 'classifier__n_estimators': 438, 'classifier__reg_alpha': 0.7046162071922542, 'classifier__reg_lambda': 3.232112203635603, 'classifier__scale_pos_weight': 5.466175860720501, 'classifier__subsample': 0.8692144797029759, 'imputer': InterpolateImputer(), 'normalizer': ZScoreNormalizationNorm(), 'selector': SelectKBestFilter(), 'tamer__contamination': 0.015982137129454774, 'tamer__detector': 'statistical', 'tamer__mad_threshold': 3.5618700832482917, 'tamer__remediation': 'mad_replace'}",0.2738327166937631,0.23433973341507192,0.24981987525107993,0.26915628786674134,0.22229904289122748,0.24988953122357677,0.01973585646615852,34,0.715591078697422,0.6705595246516234,0.7258895097969867,0.7096767348093656,0.715929829525359,0.7075293354961514,0.019204344515893344,33
3.57798433303833,0.6727666379201239,0.16297760009765624,0.03411769112520914,BorderlineSMOTESampler(),XGBoostEstimator(),0.6824508549687437,0.041430321863452496,7,36.0,298.0,0.0012515863323350185,0.6325947785637415,1.8060618713193142,0.5280502074026576,ClassMeanImputer(),RobustScalerNorm(),SelectKBestFilter(k=40),0.005202112382067821,statistical,2.9503805318216156,mad_replace,,,,,,,,,,,,,"{'balancer': BorderlineSMOTESampler(), 'classifier': XGBoostEstimator(), 'classifier__colsample_bytree': 0.6824508549687437, 'classifier__learning_rate': 0.041430321863452496, 'classifier__max_depth': 7, 'classifier__min_child_weight': 36, 'classifier__n_estimators': 298, 'classifier__reg_alpha': 0.0012515863323350185, 'classifier__reg_lambda': 0.6325947785637415, 'classifier__scale_pos_weight': 1.8060618713193142, 'classifier__subsample': 0.5280502074026576, 'imputer': ClassMeanImputer(), 'normalizer': RobustScalerNorm(), 'selector': SelectKBestFilter(k=40), 'tamer__contamination': 0.005202112382067821, 'tamer__detector': 'statistical', 'tamer__mad_threshold': 2.9503805318216156, 'tamer__remediation': 'mad_replace'}",0.23681674014853318,0.19347989770691798,0.19982745843462166,0.2088142735723163,0.2035829257164931,0.20850425911577647,0.015012864612890234,155,0.6860088760741746,0.6762679493527621,0.6970644408290302,0.685039258682889,0.6814175567659335,0.6851596163409579,0.0068633129878233985,105
10.055925798416137,0.6398480765534483,0.36519927978515626,0.07125699333791062,SMOTESampler(),XGBoostEstimator(),0.5798952369227193,0.07903593396154636,12,6.0,739.0,0.15600071357060674,0.815834936453353,3.7057417987579657,0.7783074403555106,MeanImputer(),RobustScalerNorm(),SelectKBestFilter(k=30),0.008319535405876226,iforest,3.9963618667744756,percentile_clip,,,,,,,,,,,,,"{'balancer': SMOTESampler(), 'classifier': XGBoostEstimator(), 'classifier__colsample_bytree': 0.5798952369227193, 'classifier__learning_rate': 0.07903593396154636, 'classifier__max_depth': 12, 'classifier__min_child_weight': 6, 'classifier__n_estimators': 739, 'classifier__reg_alpha': 0.15600071357060674, 'classifier__reg_lambda': 0.815834936453353, 'classifier__scale_pos_weight': 3.7057417987579657, 'classifier__subsample': 0.7783074403555106, 'imputer': MeanImputer(), 'normalizer': RobustScalerNorm(), 'selector': SelectKBestFilter(k=30), 'tamer__contamination': 0.008319535405876226, 'tamer__detector': 'iforest', 'tamer__mad_threshold': 3.9963618667744756, 'tamer__remediation': 'percentile_clip'}",0.20760261473969813,0.216125797412205,0.23023958984600704,0.23181119012279067,0.19432916463395744,0.21602167135093167,0.014091943183998845,125,0.6644052464947987,0.64655160217868,0.6948928344061682,0.6884628987762609,0.6472165240149961,0.6683058211741807,0.0202306501707493,143
1.5841342449188232,0.14900204092504885,0.13410792350769044,0.05078666073745305,"FunctionSampler(func=<function _identity at 0x70fa04776fc0>, validate=False)",XGBoostEstimator(),0.6402872356438727,0.14500896531023086,7,18.0,140.0,1.363497401658912,0.5363936952683594,5.203723349926301,0.7256585793959379,MeanImputer(),RobustScalerNorm(),SelectKBestFilter(k=20),0.07253776277327766,cluster,2.3298240640048626,cluster_local_median,,,,,,,,,,,,,"{'balancer': FunctionSampler(func=<function _identity at 0x70fa04776fc0>, validate=False), 'classifier': XGBoostEstimator(), 'classifier__colsample_bytree': 0.6402872356438727, 'classifier__learning_rate': 0.14500896531023086, 'classifier__max_depth': 7, 'classifier__min_child_weight': 18, 'classifier__n_estimators': 140, 'classifier__reg_alpha': 1.363497401658912, 'classifier__reg_lambda': 0.5363936952683594, 'classifier__scale_pos_weight': 5.203723349926301, 'classifier__subsample': 0.7256585793959379, 'imputer': MeanImputer(), 'normalizer': RobustScalerNorm(), 'selector': SelectKBestFilter(k=20), 'tamer__contamination': 0.07253776277327766, 'tamer__detector': 'cluster', 'tamer__mad_threshold': 2.3298240640048626, 'tamer__remediation': 'cluster_local_median'}",0.23476586854027326,0.1915032259247643,0.19934637050092885,0.20492590810654143,0.1701737159148265,0.20014301779746688,0.02095260145718817,170,0.6868427747625508,0.6486383249628633,0.6522812477894886,0.669328711890783,0.6279408643983871,0.6570063847608146,0.019895756996667544,165
31.150004148483276,1.5733250746217176,0.5629970550537109,0.034283815565927835,SMOTESampler(k_neighbors=5),XGBoostEstimator(),0.7812551035347316,0.014170235547157708,12,4.0,537.0,0.6459733969773924,7.913310303752856,2.886953337663137,0.8396937927407967,IterativeModelImputer(),RobustScalerNorm(),TreeBasedSelection(),0.006387121004285506,iforest,3.620212318105599,winsorize,,,,,,,,,,,,,"{'balancer': SMOTESampler(k_neighbors=5), 'classifier': XGBoostEstimator(), 'classifier__colsample_bytree': 0.7812551035347316, 'classifier__learning_rate': 0.014170235547157708, 'classifier__max_depth': 12, 'classifier__min_child_weight': 4, 'classifier__n_estimators': 537, 'classifier__reg_alpha': 0.6459733969773924, 'classifier__reg_lambda': 7.913310303752856, 'classifier__scale_pos_weight': 2.886953337663137, 'classifier__subsample': 0.8396937927407967, 'imputer': IterativeModelImputer(), 'normalizer': RobustScalerNorm(), 'selector': TreeBasedSelection(), 'tamer__contamination': 0.006387121004285506, 'tamer__detector': 'iforest', 'tamer__mad_threshold': 3.620212318105599, 'tamer__remediation': 'winsorize'}",0.2270456974661264,0.2324314219476154,0.2504715435432306,0.24358617702218932,0.25106231219869835,0.24091943043557204,0.00965152016252988,58,0.693089947987336,0.6747046756737639,0.7145646176699441,0.709273537525642,0.707653674754191,0.6998572907221755,0.01445133727550074,58
7.464134263992309,0.7067142769852044,0.7124532699584961,0.12220201979240305,BorderlineSMOTESampler(),XGBoostEstimator(),0.5488787315965571,0.010112856926011533,8,14.0,180.0,0.015896020660706278,0.1730138731577197,1.2851485894965924,0.793508363711849,IterativeModelImputer(),RobustScalerNorm(),TreeBasedSelection(),0.0056241600872989315,iforest,2.363362895280671,winsorize,,,,,,,,,,,,,"{'balancer': BorderlineSMOTESampler(), 'classifier': XGBoostEstimator(), 'classifier__colsample_bytree': 0.5488787315965571, 'classifier__learning_rate': 0.010112856926011533, 'classifier__max_depth': 8, 'classifier__min_child_weight': 14, 'classifier__n_estimators': 180, 'classifier__reg_alpha': 0.015896020660706278, 'classifier__reg_lambda': 0.1730138731577197, 'classifier__scale_pos_weight': 1.2851485894965924, 'classifier__subsample': 0.793508363711849, 'imputer': IterativeModelImputer(), 'normalizer': RobustScalerNorm(), 'selector': TreeBasedSelection(), 'tamer__contamination': 0.0056241600872989315, 'tamer__detector': 'iforest', 'tamer__mad_threshold': 2.363362895280671, 'tamer__remediation': 'winsorize'}",0.2475232848879293,0.23315827735896646,0.260877441938601,0.25383478982134966,0.24132132364375924,0.2473430235301211,0.009621059181341178,40,0.722721619176843,0.6685081700502229,0.7203437787366487,0.7001061045483483,0.7155973686072009,0.7054554082238528,0.020081625611929683,40
3.527827739715576,0.2584732877296101,0.6654393196105957,0.1887193374748642,SMOTESampler(k_neighbors=5),XGBoostEstimator(),0.6254261839440388,0.020510697406552675,2,10.0,664.0,1.7289228588836714,6.152542558549053,4.375987641774377,0.7558593627119059,KNNImputerWrapper(),ZScoreNormalizationNorm(),SelectKBestFilter(k=30),0.05262476522508342,cluster,2.4527703543801707,percentile_clip,,,,,,,,,,,,,"{'balancer': SMOTESampler(k_neighbors=5), 'classifier': XGBoostEstimator(), 'classifier__colsample_bytree': 0.6254261839440388, 'classifier__learning_rate': 0.020510697406552675, 'classifier__max_depth': 2, 'classifier__min_child_weight': 10, 'classifier__n_estimators': 664, 'classifier__reg_alpha': 1.7289228588836714, 'classifier__reg_lambda': 6.152542558549053, 'classifier__scale_pos_weight': 4.375987641774377, 'classifier__subsample': 0.7558593627119059, 'imputer': KNNImputerWrapper(), 'normalizer': ZScoreNormalizationNorm(), 'selector': SelectKBestFilter(k=30), 'tamer__contamination': 0.05262476522508342, 'tamer__detector': 'cluster', 'tamer__mad_threshold': 2.4527703543801707, 'tamer__remediation': 'percentile_clip'}",0.23803083935701422,0.23545158540579353,0.23429738872519523,0.27353409571182097,0.2435682252295765,0.24497642688588012,0.014632355436198301,44,0.7102555404794211,0.6729716347174082,0.6942279125698521,0.7213694560373488,0.7162269222607343,0.7030102932129529,0.01757090188307861,48
3.480209541320801,0.39466654233549353,0.1786111354827881,0.06915812213134939,"FunctionSampler(func=<function _identity at 0x70fa04776fc0>, validate=False)",XGBoostEstimator(),0.8606190364310715,0.09195126944222252,5,2.0,420.0,0.9185975470413965,1.828463950525171,3.553737370149916,0.8075408687647505,InterpolateImputer(),ZScoreNormalizationNorm(),SelectKBestFilter(k=20),0.09195178345801837,statistical,3.8903948128605848,cluster_local_median,,,,,,,,,,,,,"{'balancer': FunctionSampler(func=<function _identity at 0x70fa04776fc0>, validate=False), 'classifier': XGBoostEstimator(), 'classifier__colsample_bytree': 0.8606190364310715, 'classifier__learning_rate': 0.09195126944222252, 'classifier__max_depth': 5, 'classifier__min_child_weight': 2, 'classifier__n_estimators': 420, 'classifier__reg_alpha': 0.9185975470413965, 'classifier__reg_lambda': 1.828463950525171, 'classifier__scale_pos_weight': 3.553737370149916, 'classifier__subsample': 0.8075408687647505, 'imputer': InterpolateImputer(), 'normalizer': ZScoreNormalizationNorm(), 'selector': SelectKBestFilter(k=20), 'tamer__contamination': 0.09195178345801837, 'tamer__detector': 'statistical', 'tamer__mad_threshold': 3.8903948128605848, 'tamer__remediation': 'cluster_local_median'}",0.24810425263466368,0.23013645695882753,0.20522325965193716,0.20687996034571643,0.18087929188525276,0.2142446442952795,0.023012576903229078,133,0.6948778833107191,0.6458371648864681,0.6855627077880739,0.6806323831081559,0.6513970432199194,0.6716614364626674,0.01944358644059888,136
31.172976970672607,1.563980451553529,0.5140335083007812,0.13914165954182695,BorderlineSMOTESampler(),XGBoostEstimator(),0.6206447352040573,0.01558592325801772,10,1.0,572.0,0.003691662274854958,4.469526941609628,4.042717948660479,0.8127834570584898,InterpolateImputer(),ZScoreNormalizationNorm(),TreeBasedSelection(),0.006658741955351334,iforest,3.1248872215386934,winsorize,,,,,,,,,,,,,"{'balancer': BorderlineSMOTESampler(), 'classifier': XGBoostEstimator(), 'classifier__colsample_bytree': 0.6206447352040573, 'classifier__learning_rate': 0.01558592325801772, 'classifier__max_depth': 10, 'classifier__min_child_weight': 1, 'classifier__n_estimators': 572, 'classifier__reg_alpha': 0.003691662274854958, 'classifier__reg_lambda': 4.469526941609628, 'classifier__scale_pos_weight': 4.042717948660479, 'classifier__subsample': 0.8127834570584898, 'imputer': InterpolateImputer(), 'normalizer': ZScoreNormalizationNorm(), 'selector': TreeBasedSelection(), 'tamer__contamination': 0.006658741955351334, 'tamer__detector': 'iforest', 'tamer__mad_threshold': 3.1248872215386934, 'tamer__remediation': 'winsorize'}",0.2556859527773764,0.22408338438061204,0.25874458261780897,0.26852334413919665,0.22641989171011867,0.24669143112502256,0.018027042987515386,43,0.7068068747173224,0.6761123293485182,0.715597368607201,0.7157812831576714,0.704728726038056,0.7038053163737538,0.014554998073264646,45
5.0164721488952635,0.13519954358198516,0.4451282978057861,0.11278543746103051,BorderlineSMOTESampler(),XGBoostEstimator(),0.5057130001649645,0.021015756156710527,12,5.0,169.0,0.21556102087833257,0.8619109891387106,2.1185315336339317,0.9969650665185662,KNNImputerWrapper(),RobustScalerNorm(),SelectKBestFilter(k=20),0.007580952478943795,statistical,3.4527130566403206,none,,,,,,,,,,,,,"{'balancer': BorderlineSMOTESampler(), 'classifier': XGBoostEstimator(), 'classifier__colsample_bytree': 0.5057130001649645, 'classifier__learning_rate': 0.021015756156710527, 'classifier__max_depth': 12, 'classifier__min_child_weight': 5, 'classifier__n_estimators': 169, 'classifier__reg_alpha': 0.21556102087833257, 'classifier__reg_lambda': 0.8619109891387106, 'classifier__scale_pos_weight': 2.1185315336339317, 'classifier__subsample': 0.9969650665185662, 'imputer': KNNImputerWrapper(), 'normalizer': RobustScalerNorm(), 'selector': SelectKBestFilter(k=20), 'tamer__contamination': 0.007580952478943795, 'tamer__detector': 'statistical', 'tamer__mad_threshold': 3.4527130566403206, 'tamer__remediation': 'none'}",0.2337299633961839,0.2298635995045421,0.25991840924349435,0.24588483328128202,0.20134145481030116,0.23414765204716073,0.019476485806920067,77,0.6928143374038896,0.6738027870128033,0.721907052415647,0.7118624885053405,0.6917662870481714,0.6984305904771704,0.01681692059828016,65
1.5377654552459716,0.11314421646970774,0.3011168479919434,0.018831220579544356,"FunctionSampler(func=<function _identity at 0x70fa04776fc0>, validate=False)",XGBoostEstimator(),0.723983986013874,0.22658405264214537,4,2.0,611.0,0.0010455673238064795,0.15833973379995267,2.3755346379626734,0.8780243843000732,KNNImputerWrapper(),RobustScalerNorm(),SelectKBestFilter(),0.023392856560761694,cluster,2.2173543478625155,none,,,,,,,,,,,,,"{'balancer': FunctionSampler(func=<function _identity at 0x70fa04776fc0>, validate=False), 'classifier': XGBoostEstimator(), 'classifier__colsample_bytree': 0.723983986013874, 'classifier__learning_rate': 0.22658405264214537, 'classifier__max_depth': 4, 'classifier__min_child_weight': 2, 'classifier__n_estimators': 611, 'classifier__reg_alpha': 0.0010455673238064795, 'classifier__reg_lambda': 0.15833973379995267, 'classifier__scale_pos_weight': 2.3755346379626734, 'classifier__subsample': 0.8780243843000732, 'imputer': KNNImputerWrapper(), 'normalizer': RobustScalerNorm(), 'selector': SelectKBestFilter(), 'tamer__contamination': 0.023392856560761694, 'tamer__detector': 'cluster', 'tamer__mad_threshold': 2.2173543478625155, 'tamer__remediation': 'none'}",0.18467125608837834,0.19364865866687545,0.16656646713539386,0.18155013259645353,0.17007450937676477,0.1793022047727732,0.009869650514130223,195,0.6332329828132066,0.6397467638112754,0.6279550116715004,0.6353964773289947,0.5913701634010045,0.6255402798051962,0.017501852942330004,191
3.0341883659362794,0.27527208617482,0.20931744575500488,0.04432831481809488,SMOTESampler(),XGBoostEstimator(),0.891674127246048,0.029561672467103093,11,8.0,193.0,0.003271640821858429,4.977202482883741,2.620491628827126,0.5407798372344051,IterativeModelImputer(),ZScoreNormalizationNorm(),SelectKBestFilter(),0.04484001650516331,iforest,3.0360519368161483,none,,,,,,,,,,,,,"{'balancer': SMOTESampler(), 'classifier': XGBoostEstimator(), 'classifier__colsample_bytree': 0.891674127246048, 'classifier__learning_rate': 0.029561672467103093, 'classifier__max_depth': 11, 'classifier__min_child_weight': 8, 'classifier__n_estimators': 193, 'classifier__reg_alpha': 0.003271640821858429, 'classifier__reg_lambda': 4.977202482883741, 'classifier__scale_pos_weight': 2.620491628827126, 'classifier__subsample': 0.5407798372344051, 'imputer': IterativeModelImputer(), 'normalizer': ZScoreNormalizationNorm(), 'selector': SelectKBestFilter(), 'tamer__contamination': 0.04484001650516331, 'tamer__detector': 'iforest', 'tamer__mad_threshold': 3.0360519368161483, 'tamer__remediation': 'none'}",0.21107659352028924,0.2279621206844284,0.23452783804401844,0.2535037953736684,0.21057110496811904,0.22752829051810472,0.01601320206933469,103,0.6530910786974219,0.6717266746834547,0.6718610737780294,0.6956001980618236,0.6730565183560868,0.6730671087153632,0.013490984297618447,132
5.654633569717407,0.6022345659041312,0.21208810806274414,0.07926308082255892,SMOTESampler(),XGBoostEstimator(),0.9262549263089743,0.02613641026780134,4,8.0,468.0,1.4334910395404041,1.475956254259338,5.2536950426959645,0.5980120598281051,InterpolateImputer(),ZScoreNormalizationNorm(),SelectKBestFilter(k=40),0.01371598030413384,iforest,2.7696453924289703,cluster_local_median,,,,,,,,,,,,,"{'balancer': SMOTESampler(), 'classifier': XGBoostEstimator(), 'classifier__colsample_bytree': 0.9262549263089743, 'classifier__learning_rate': 0.02613641026780134, 'classifier__max_depth': 4, 'classifier__min_child_weight': 8, 'classifier__n_estimators': 468, 'classifier__reg_alpha': 1.4334910395404041, 'classifier__reg_lambda': 1.475956254259338, 'classifier__scale_pos_weight': 5.2536950426959645, 'classifier__subsample': 0.5980120598281051, 'imputer': InterpolateImputer(), 'normalizer': ZScoreNormalizationNorm(), 'selector': SelectKBestFilter(k=40), 'tamer__contamination': 0.01371598030413384, 'tamer__detector': 'iforest', 'tamer__mad_threshold': 2.7696453924289703, 'tamer__remediation': 'cluster_local_median'}",0.2271710138131862,0.20829116046428206,0.20627651310424674,0.23400569059570198,0.1871209193717962,0.21257305946984265,0.016602713867232673,137,0.6732247851650837,0.6779797693994483,0.6969017471882295,0.6902878970078516,0.6722147556058569,0.6821217908732939,0.009793822525696815,111
2.834553527832031,0.3700722156030527,0.2965663433074951,0.029258696545894178,BorderlineSMOTESampler(),XGBoostEstimator(),0.6940841275226558,0.034497687721017356,4,32.0,120.0,1.9560125922374463,0.1986933457609782,8.704186419482813,0.6644103437390183,ClassMeanImputer(),ZScoreNormalizationNorm(),TreeBasedSelection(),0.05681959229996423,statistical,3.5165156336602337,none,,,,,,,,,,,,,"{'balancer': BorderlineSMOTESampler(), 'classifier': XGBoostEstimator(), 'classifier__colsample_bytree': 0.6940841275226558, 'classifier__learning_rate': 0.034497687721017356, 'classifier__max_depth': 4, 'classifier__min_child_weight': 32, 'classifier__n_estimators': 120, 'classifier__reg_alpha': 1.9560125922374463, 'classifier__reg_lambda': 0.1986933457609782, 'classifier__scale_pos_weight': 8.704186419482813, 'classifier__subsample': 0.6644103437390183, 'imputer': ClassMeanImputer(), 'normalizer': ZScoreNormalizationNorm(), 'selector': TreeBasedSelection(), 'tamer__contamination': 0.05681959229996423, 'tamer__detector': 'statistical', 'tamer__mad_threshold': 3.5165156336602337, 'tamer__remediation': 'none'}",0.2590149931931811,0.24793460654906346,0.2640732591440735,0.2662588852013352,0.2659940124444182,0.2606551513064143,0.00687155165251651,24,0.7132589891451833,0.6680696045837164,0.7143594822098039,0.7129518285350498,0.7247011388554857,0.7066682086658479,0.019784421967946705,36
3.6105935096740724,0.48293157900091876,0.1551121234893799,0.03349171241685193,BorderlineSMOTESampler(),XGBoostEstimator(),0.8391554780623773,0.022574221160714964,8,3.0,146.0,0.006606206787655033,0.11977299095253745,4.1462621755299125,0.6837831295536825,MeanImputer(),RobustScalerNorm(),SelectKBestFilter(k=20),0.015455594152980506,statistical,2.5938822257039895,cluster_local_median,,,,,,,,,,,,,"{'balancer': BorderlineSMOTESampler(), 'classifier': XGBoostEstimator(), 'classifier__colsample_bytree': 0.8391554780623773, 'classifier__learning_rate': 0.022574221160714964, 'classifier__max_depth': 8, 'classifier__min_child_weight': 3, 'classifier__n_estimators': 146, 'classifier__reg_alpha': 0.006606206787655033, 'classifier__reg_lambda': 0.11977299095253745, 'classifier__scale_pos_weight': 4.1462621755299125, 'classifier__subsample': 0.6837831295536825, 'imputer': MeanImputer(), 'normalizer': RobustScalerNorm(), 'selector': SelectKBestFilter(k=20), 'tamer__contamination': 0.015455594152980506, 'tamer__detector': 'statistical', 'tamer__mad_threshold': 2.5938822257039895, 'tamer__remediation': 'cluster_local_median'}",0.24011823968295126,0.199294176952432,0.23141001057707405,0.2251363986055938,0.18396664778099442,0.21598509471980912,0.02101357065382631,126,0.6647373925825418,0.6455966612435453,0.7045059064865248,0.672087430147839,0.6552168069604584,0.6684288394841819,0.02012179413463666,141
2.8435064792633056,0.13897293574614425,0.1982086181640625,0.041491939289889694,SMOTESampler(k_neighbors=5),XGBoostEstimator(),0.5565197622775253,0.258727247370936,10,19.0,288.0,0.05089095354532853,5.827263708245099,1.5596482631865312,0.8465934740880943,ClassMeanImputer(),ZScoreNormalizationNorm(),SelectKBestFilter(k=30),0.11876310123509984,cluster,3.3955301796709074,percentile_clip,,,,,,,,,,,,,"{'balancer': SMOTESampler(k_neighbors=5), 'classifier': XGBoostEstimator(), 'classifier__colsample_bytree': 0.5565197622775253, 'classifier__learning_rate': 0.258727247370936, 'classifier__max_depth': 10, 'classifier__min_child_weight': 19, 'classifier__n_estimators': 288, 'classifier__reg_alpha': 0.05089095354532853, 'classifier__reg_lambda': 5.827263708245099, 'classifier__scale_pos_weight': 1.5596482631865312, 'classifier__subsample': 0.8465934740880943, 'imputer': ClassMeanImputer(), 'normalizer': ZScoreNormalizationNorm(), 'selector': SelectKBestFilter(k=30), 'tamer__contamination': 0.11876310123509984, 'tamer__detector': 'cluster', 'tamer__mad_threshold': 3.3955301796709074, 'tamer__remediation': 'percentile_clip'}",0.19657227648051534,0.2229365875127636,0.22112657997570012,0.20491314910671385,0.18716474522055657,0.2065426676592499,0.013849325006132255,160,0.6558613184079601,0.6392728301619862,0.6758788993421518,0.6724411119756666,0.6608262007498055,0.660856072127514,0.013043644249709278,158
6.868675470352173,0.2459077001692722,0.19810643196105956,0.042254929558845654,SMOTESampler(k_neighbors=5),XGBoostEstimator(),0.7457271729616104,0.15588218236958115,8,3.0,275.0,2.4987666974853058,1.006077477403425,8.096042598038938,0.5553278555462479,ClassMeanImputer(),RobustScalerNorm(),SelectKBestFilter(k=40),0.008469826375604755,cluster,2.4784017172599597,percentile_clip,,,,,,,,,,,,,"{'balancer': SMOTESampler(k_neighbors=5), 'classifier': XGBoostEstimator(), 'classifier__colsample_bytree': 0.7457271729616104, 'classifier__learning_rate': 0.15588218236958115, 'classifier__max_depth': 8, 'classifier__min_child_weight': 3, 'classifier__n_estimators': 275, 'classifier__reg_alpha': 2.4987666974853058, 'classifier__reg_lambda': 1.006077477403425, 'classifier__scale_pos_weight': 8.096042598038938, 'classifier__subsample': 0.5553278555462479, 'imputer': ClassMeanImputer(), 'normalizer': RobustScalerNorm(), 'selector': SelectKBestFilter(k=40), 'tamer__contamination': 0.008469826375604755, 'tamer__detector': 'cluster', 'tamer__mad_threshold': 2.4784017172599597, 'tamer__remediation': 'percentile_clip'}",0.20607041514287716,0.19838237275118406,0.20127703484411902,0.22571232539326358,0.1941795365026719,0.20512433692682314,0.01099822534476229,162,0.6786027250113071,0.6619013935064015,0.690471811558322,0.6950626016835255,0.6585060479592558,0.6769089159437625,0.014698766698671583,120
1.0380879878997802,0.12128094736962941,0.16287717819213868,0.027601721494815754,SMOTESampler(k_neighbors=5),XGBoostEstimator(),0.7854775619439576,0.018361040057527818,2,12.0,206.0,0.8094335015168264,0.25396959859096685,3.924602177229699,0.7140508885849834,ClassMeanImputer(),ZScoreNormalizationNorm(),SelectKBestFilter(),0.08274452447494524,cluster,3.929471442522158,percentile_clip,,,,,,,,,,,,,"{'balancer': SMOTESampler(k_neighbors=5), 'classifier': XGBoostEstimator(), 'classifier__colsample_bytree': 0.7854775619439576, 'classifier__learning_rate': 0.018361040057527818, 'classifier__max_depth': 2, 'classifier__min_child_weight': 12, 'classifier__n_estimators': 206, 'classifier__reg_alpha': 0.8094335015168264, 'classifier__reg_lambda': 0.25396959859096685, 'classifier__scale_pos_weight': 3.924602177229699, 'classifier__subsample': 0.7140508885849834, 'imputer': ClassMeanImputer(), 'normalizer': ZScoreNormalizationNorm(), 'selector': SelectKBestFilter(), 'tamer__contamination': 0.08274452447494524, 'tamer__detector': 'cluster', 'tamer__mad_threshold': 3.929471442522158, 'tamer__remediation': 'percentile_clip'}",0.2574920758650404,0.2575541596460489,0.2705998929461849,0.2702936398821779,0.25698129524306174,0.26258421271650273,0.006423556220461708,23,0.6949626865671641,0.6831399872674542,0.716198627714508,0.7118695621418971,0.7159439767984721,0.7044229680978991,0.013185702585837983,43
3.4939205169677736,0.4100807308840196,0.13896965980529785,0.025299759423161636,SMOTESampler(),XGBoostEstimator(),0.6482578528449814,0.0739446187147616,7,7.0,161.0,0.012577543130161488,0.22968701183468634,6.597735919091364,0.674910602958536,MeanImputer(),ZScoreNormalizationNorm(),SelectKBestFilter(k=40),0.02905177943515326,statistical,2.600151184247212,shrink,,,,,,,,,,,,,"{'balancer': SMOTESampler(), 'classifier': XGBoostEstimator(), 'classifier__colsample_bytree': 0.6482578528449814, 'classifier__learning_rate': 0.0739446187147616, 'classifier__max_depth': 7, 'classifier__min_child_weight': 7, 'classifier__n_estimators': 161, 'classifier__reg_alpha': 0.012577543130161488, 'classifier__reg_lambda': 0.22968701183468634, 'classifier__scale_pos_weight': 6.597735919091364, 'classifier__subsample': 0.674910602958536, 'imputer': MeanImputer(), 'normalizer': ZScoreNormalizationNorm(), 'selector': SelectKBestFilter(k=40), 'tamer__contamination': 0.02905177943515326, 'tamer__detector': 'statistical', 'tamer__mad_threshold': 2.600151184247212, 'tamer__remediation': 'shrink'}",0.2432843574973036,0.2273283260581753,0.2060757697687684,0.21105107766983036,0.19499657218808353,0.21654722063643222,0.016943411940687998,122,0.675033921302578,0.6771945957416707,0.6970715144655867,0.6587182570559524,0.6538728160147131,0.6723782209161001,0.01529087035161218,133
3.627320671081543,0.2565931028894077,0.24098949432373046,0.08119244981426854,"FunctionSampler(func=<function _identity at 0x70fa04776fc0>, validate=False)",XGBoostEstimator(),0.9924408031486982,0.06334868727122214,6,14.0,367.0,0.033642036281403935,2.1066773323936916,4.918470160678431,0.5068256112314095,IterativeModelImputer(),RobustScalerNorm(),SelectKBestFilter(k=30),0.00979283304321329,iforest,2.151725146224855,mad_replace,,,,,,,,,,,,,"{'balancer': FunctionSampler(func=<function _identity at 0x70fa04776fc0>, validate=False), 'classifier': XGBoostEstimator(), 'classifier__colsample_bytree': 0.9924408031486982, 'classifier__learning_rate': 0.06334868727122214, 'classifier__max_depth': 6, 'classifier__min_child_weight': 14, 'classifier__n_estimators': 367, 'classifier__reg_alpha': 0.033642036281403935, 'classifier__reg_lambda': 2.1066773323936916, 'classifier__scale_pos_weight': 4.918470160678431, 'classifier__subsample': 0.5068256112314095, 'imputer': IterativeModelImputer(), 'normalizer': RobustScalerNorm(), 'selector': SelectKBestFilter(k=30), 'tamer__contamination': 0.00979283304321329, 'tamer__detector': 'iforest', 'tamer__mad_threshold': 2.151725146224855, 'tamer__remediation': 'mad_replace'}",0.20697220017163676,0.2106243267614057,0.20635121596435116,0.2348716519726502,0.1715852578080968,0.2060809305356281,0.02020082643275077,161,0.6689634215287199,0.6672915045624956,0.6918299497771804,0.6983094008629837,0.6354672136945604,0.6723722980851881,0.022139348075088595,134
7.356473398208618,0.8619273311033173,0.3155473232269287,0.016103768204377117,"FunctionSampler(func=<function _identity at 0x70fa04776fc0>, validate=False)",XGBoostEstimator(),0.7096293427226068,0.017569375353222318,12,21.0,980.0,0.004273256817452062,4.02654740172854,9.808143440500025,0.705512862639189,ClassMeanImputer(),ZScoreNormalizationNorm(),SelectKBestFilter(k=30),0.06466385531570948,statistical,3.2787470433173844,percentile_clip,,,,,,,,,,,,,"{'balancer': FunctionSampler(func=<function _identity at 0x70fa04776fc0>, validate=False), 'classifier': XGBoostEstimator(), 'classifier__colsample_bytree': 0.7096293427226068, 'classifier__learning_rate': 0.017569375353222318, 'classifier__max_depth': 12, 'classifier__min_child_weight': 21, 'classifier__n_estimators': 980, 'classifier__reg_alpha': 0.004273256817452062, 'classifier__reg_lambda': 4.02654740172854, 'classifier__scale_pos_weight': 9.808143440500025, 'classifier__subsample': 0.705512862639189, 'imputer': ClassMeanImputer(), 'normalizer': ZScoreNormalizationNorm(), 'selector': SelectKBestFilter(k=30), 'tamer__contamination': 0.06466385531570948, 'tamer__detector': 'statistical', 'tamer__mad_threshold': 3.2787470433173844, 'tamer__remediation': 'percentile_clip'}",0.2439629475925954,0.2705343852243799,0.2442706200765881,0.25909524815316803,0.2258851801719428,0.24874967624373484,0.015148361623949556,37,0.6940863862505653,0.677604866661951,0.6950201598641862,0.71126830303459,0.7036429228266252,0.6963245277275835,0.011260654425550463,72
1.8809421062469482,0.26537416525097623,0.12965745925903321,0.057305383965012974,BorderlineSMOTESampler(),XGBoostEstimator(),0.7581264739016785,0.28946162301935163,6,2.0,103.0,0.002921219848692909,0.48949564347055824,2.0262454228092235,0.9484033082528108,ClassMeanImputer(),ZScoreNormalizationNorm(),SelectKBestFilter(k=30),0.1377819581453969,cluster,3.1489529652998476,mad_replace,,,,,,,,,,,,,"{'balancer': BorderlineSMOTESampler(), 'classifier': XGBoostEstimator(), 'classifier__colsample_bytree': 0.7581264739016785, 'classifier__learning_rate': 0.28946162301935163, 'classifier__max_depth': 6, 'classifier__min_child_weight': 2, 'classifier__n_estimators': 103, 'classifier__reg_alpha': 0.002921219848692909, 'classifier__reg_lambda': 0.48949564347055824, 'classifier__scale_pos_weight': 2.0262454228092235, 'classifier__subsample': 0.9484033082528108, 'imputer': ClassMeanImputer(), 'normalizer': ZScoreNormalizationNorm(), 'selector': SelectKBestFilter(k=30), 'tamer__contamination': 0.1377819581453969, 'tamer__detector': 'cluster', 'tamer__mad_threshold': 3.1489529652998476, 'tamer__remediation': 'mad_replace'}",0.19062286365492281,0.20502343977778187,0.19334538603199913,0.1919444571222244,0.1738794248903607,0.1909631142954578,0.009962923458779282,183,0.643458842152872,0.6338332036499965,0.6693004173445568,0.6605715498337695,0.6288109216948433,0.6471949869352076,0.015479356405996049,173
1.9324350833892823,0.4381366911973189,0.18436012268066407,0.05246946447830568,"FunctionSampler(func=<function _identity at 0x70fa04776fc0>, validate=False)",XGBoostEstimator(),0.665715799406803,0.04694406179524128,3,9.0,386.0,3.5362239066946213,3.030841369929261,2.1832239815208543,0.5594433213478173,IterativeModelImputer(),ZScoreNormalizationNorm(),SelectKBestFilter(k=30),0.04076705679848412,statistical,2.7126547430113988,cluster_local_median,,,,,,,,,,,,,"{'balancer': FunctionSampler(func=<function _identity at 0x70fa04776fc0>, validate=False), 'classifier': XGBoostEstimator(), 'classifier__colsample_bytree': 0.665715799406803, 'classifier__learning_rate': 0.04694406179524128, 'classifier__max_depth': 3, 'classifier__min_child_weight': 9, 'classifier__n_estimators': 386, 'classifier__reg_alpha': 3.5362239066946213, 'classifier__reg_lambda': 3.030841369929261, 'classifier__scale_pos_weight': 2.1832239815208543, 'classifier__subsample': 0.5594433213478173, 'imputer': IterativeModelImputer(), 'normalizer': ZScoreNormalizationNorm(), 'selector': SelectKBestFilter(k=30), 'tamer__contamination': 0.04076705679848412, 'tamer__detector': 'statistical', 'tamer__mad_threshold': 2.7126547430113988, 'tamer__remediation': 'cluster_local_median'}",0.25040988158263816,0.250998868291037,0.22986931489319426,0.22450726483722946,0.21205477355653946,0.2335680206321277,0.015139882759372615,79,0.7068775440976934,0.6904859588314353,0.7034024191837023,0.7183490132277003,0.7093301266180944,0.7056890123917251,0.009069810225671434,38
13.275308847427368,1.8894779812165523,0.4527573108673096,0.05591666379755339,SMOTESampler(),XGBoostEstimator(),0.9632368666483828,0.05966810393743291,9,2.0,811.0,0.3329664204225402,0.6046229246023158,1.2207657520733228,0.583517358507718,KNNImputerWrapper(),RobustScalerNorm(),SelectKBestFilter(k=30),0.006011476368961168,statistical,2.855116904622898,none,,,,,,,,,,,,,"{'balancer': SMOTESampler(), 'classifier': XGBoostEstimator(), 'classifier__colsample_bytree': 0.9632368666483828, 'classifier__learning_rate': 0.05966810393743291, 'classifier__max_depth': 9, 'classifier__min_child_weight': 2, 'classifier__n_estimators': 811, 'classifier__reg_alpha': 0.3329664204225402, 'classifier__reg_lambda': 0.6046229246023158, 'classifier__scale_pos_weight': 1.2207657520733228, 'classifier__subsample': 0.583517358507718, 'imputer': KNNImputerWrapper(), 'normalizer': RobustScalerNorm(), 'selector': SelectKBestFilter(k=30), 'tamer__contamination': 0.006011476368961168, 'tamer__detector': 'statistical', 'tamer__mad_threshold': 2.855116904622898, 'tamer__remediation': 'none'}",0.21584512159270938,0.21500155211526137,0.21241354043979688,0.22264539065483588,0.19596221343272666,0.21237356364706605,0.008874711060514942,139,0.6740162822252375,0.6567800806394567,0.685449529603169,0.6899554360896938,0.6641649572044988,0.6740732571524112,0.012481144102830175,128
2.5584256172180178,0.5461643648506326,0.18231139183044434,0.04085359856713143,BorderlineSMOTESampler(),XGBoostEstimator(),0.7063788737463225,0.03927903278566065,6,16.0,244.0,0.09583640327659054,1.2584906573746129,2.5591132827249865,0.8912586357514727,InterpolateImputer(),ZScoreNormalizationNorm(),SelectKBestFilter(k=20),0.010418712412710028,statistical,3.1963572569628482,percentile_clip,,,,,,,,,,,,,"{'balancer': BorderlineSMOTESampler(), 'classifier': XGBoostEstimator(), 'classifier__colsample_bytree': 0.7063788737463225, 'classifier__learning_rate': 0.03927903278566065, 'classifier__max_depth': 6, 'classifier__min_child_weight': 16, 'classifier__n_estimators': 244, 'classifier__reg_alpha': 0.09583640327659054, 'classifier__reg_lambda': 1.2584906573746129, 'classifier__scale_pos_weight': 2.5591132827249865, 'classifier__subsample': 0.8912586357514727, 'imputer': InterpolateImputer(), 'normalizer': ZScoreNormalizationNorm(), 'selector': SelectKBestFilter(k=20), 'tamer__contamination': 0.010418712412710028, 'tamer__detector': 'statistical', 'tamer__mad_threshold': 3.1963572569628482, 'tamer__remediation': 'percentile_clip'}",0.23215594893499458,0.25851839796570186,0.24254880703923878,0.2597986774308415,0.21230943476347783,0.2410662532268509,0.017686306392571342,56,0.6889416553595658,0.6852868359623683,0.7016340100445638,0.7161774068048384,0.6898493315413454,0.6963778479425363,0.01131882329979961,71
6.401789379119873,0.6531411598675123,0.24542660713195802,0.07944823079114449,BorderlineSMOTESampler(),XGBoostEstimator(),0.9426120203152344,0.10632252403433884,6,2.0,257.0,4.286392260105291,0.5692055186189584,7.436570181326359,0.5227097912437078,ClassMeanImputer(),ZScoreNormalizationNorm(),SelectKBestFilter(k=40),0.01413158393668975,iforest,3.592078054554647,winsorize,,,,,,,,,,,,,"{'balancer': BorderlineSMOTESampler(), 'classifier': XGBoostEstimator(), 'classifier__colsample_bytree': 0.9426120203152344, 'classifier__learning_rate': 0.10632252403433884, 'classifier__max_depth': 6, 'classifier__min_child_weight': 2, 'classifier__n_estimators': 257, 'classifier__reg_alpha': 4.286392260105291, 'classifier__reg_lambda': 0.5692055186189584, 'classifier__scale_pos_weight': 7.436570181326359, 'classifier__subsample': 0.5227097912437078, 'imputer': ClassMeanImputer(), 'normalizer': ZScoreNormalizationNorm(), 'selector': SelectKBestFilter(k=40), 'tamer__contamination': 0.01413158393668975, 'tamer__detector': 'iforest', 'tamer__mad_threshold': 3.592078054554647, 'tamer__remediation': 'winsorize'}",0.2084273162950461,0.19968448389009263,0.19643344297703597,0.22738649568065183,0.23675532888318807,0.21373741354520295,0.01575583213777344,134,0.6758042175486205,0.6485675885972979,0.6611374407582938,0.6880384805828677,0.6952535898705525,0.6737602634715264,0.01711148639020716,129
5.4792273998260494,0.9015091637031866,0.24774250984191895,0.04250351548652121,"FunctionSampler(func=<function _identity at 0x70fa04776fc0>, validate=False)",XGBoostEstimator(),0.9886218461400071,0.03812315982207528,8,1.0,779.0,0.139727084026983,3.9756765176252813,1.9608543443675586,0.9905469423890578,IterativeModelImputer(),ZScoreNormalizationNorm(),SelectKBestFilter(),0.06009300163640628,cluster,2.0808376023458988,cluster_local_median,,,,,,,,,,,,,"{'balancer': FunctionSampler(func=<function _identity at 0x70fa04776fc0>, validate=False), 'classifier': XGBoostEstimator(), 'classifier__colsample_bytree': 0.9886218461400071, 'classifier__learning_rate': 0.03812315982207528, 'classifier__max_depth': 8, 'classifier__min_child_weight': 1, 'classifier__n_estimators': 779, 'classifier__reg_alpha': 0.139727084026983, 'classifier__reg_lambda': 3.9756765176252813, 'classifier__scale_pos_weight': 1.9608543443675586, 'classifier__subsample': 0.9905469423890578, 'imputer': IterativeModelImputer(), 'normalizer': ZScoreNormalizationNorm(), 'selector': SelectKBestFilter(), 'tamer__contamination': 0.06009300163640628, 'tamer__detector': 'cluster', 'tamer__mad_threshold': 2.0808376023458988, 'tamer__remediation': 'cluster_local_median'}",0.2019286073815721,0.17521003357642229,0.21170940093757948,0.22155620001125412,0.17046914946004774,0.19617467827337515,0.020094514141967217,175,0.650737788331072,0.6121171394213766,0.6588809506967532,0.6664992572681616,0.623300558817288,0.6423071389069304,0.0209938649771918,176
3.1592429637908936,0.37885187864743486,0.3671511173248291,0.06853536068964816,SMOTESampler(),XGBoostEstimator(),0.7367437933819686,0.08462537709785443,3,30.0,266.0,0.028915530963918884,3.6192695691411934,1.5064629700937084,0.8938140170881835,IterativeModelImputer(),RobustScalerNorm(),TreeBasedSelection(),0.012559586693141356,cluster,2.648638112101835,cluster_local_median,,,,,,,,,,,,,"{'balancer': SMOTESampler(), 'classifier': XGBoostEstimator(), 'classifier__colsample_bytree': 0.7367437933819686, 'classifier__learning_rate': 0.08462537709785443, 'classifier__max_depth': 3, 'classifier__min_child_weight': 30, 'classifier__n_estimators': 266, 'classifier__reg_alpha': 0.028915530963918884, 'classifier__reg_lambda': 3.6192695691411934, 'classifier__scale_pos_weight': 1.5064629700937084, 'classifier__subsample': 0.8938140170881835, 'imputer': IterativeModelImputer(), 'normalizer': RobustScalerNorm(), 'selector': TreeBasedSelection(), 'tamer__contamination': 0.012559586693141356, 'tamer__detector': 'cluster', 'tamer__mad_threshold': 2.648638112101835, 'tamer__remediation': 'cluster_local_median'}",0.22371429944679005,0.18928080943298195,0.20422449673849052,0.2119872249146646,0.21122077024961464,0.20808552015650833,0.011294569336636712,156,0.6854152532790593,0.6436726321001626,0.697099809011813,0.6604442243757516,0.667539081841975,0.6708342001217523,0.018756596169953118,138
4.959220552444458,0.7470179154800813,0.19104747772216796,0.038064599221381466,"FunctionSampler(func=<function _identity at 0x70fa04776fc0>, validate=False)",XGBoostEstimator(),0.9734568387920536,0.06999167077847468,8,3.0,317.0,0.28820285521058076,8.8085129220095,1.0409043964531552,0.7351034180314222,ClassMeanImputer(),ZScoreNormalizationNorm(),SelectKBestFilter(k=40),0.12098675409650046,cluster,3.740539196354143,winsorize,,,,,,,,,,,,,"{'balancer': FunctionSampler(func=<function _identity at 0x70fa04776fc0>, validate=False), 'classifier': XGBoostEstimator(), 'classifier__colsample_bytree': 0.9734568387920536, 'classifier__learning_rate': 0.06999167077847468, 'classifier__max_depth': 8, 'classifier__min_child_weight': 3, 'classifier__n_estimators': 317, 'classifier__reg_alpha': 0.28820285521058076, 'classifier__reg_lambda': 8.8085129220095, 'classifier__scale_pos_weight': 1.0409043964531552, 'classifier__subsample': 0.7351034180314222, 'imputer': ClassMeanImputer(), 'normalizer': ZScoreNormalizationNorm(), 'selector': SelectKBestFilter(k=40), 'tamer__contamination': 0.12098675409650046, 'tamer__detector': 'cluster', 'tamer__mad_threshold': 3.740539196354143, 'tamer__remediation': 'winsorize'}",0.2221979034021583,0.23812045381827862,0.23248692878723512,0.2504050280485077,0.2306476331812796,0.23477158944749185,0.00933748965675925,72,0.6911818747173225,0.6852656150526986,0.6987055245101506,0.7098252811770531,0.7011530027587182,0.6972262596431886,0.008437232814197136,68
1.543959617614746,0.05083473279057758,0.1277383804321289,0.012321580372621644,SMOTESampler(k_neighbors=5),XGBoostEstimator(),0.5301291301834172,0.026942070738395364,12,50.0,136.0,0.17297703760568575,2.289633559330952,1.6916044041891352,0.6407366635979231,InterpolateImputer(),ZScoreNormalizationNorm(),SelectKBestFilter(k=20),0.14912672081580267,statistical,3.865297363556505,shrink,,,,,,,,,,,,,"{'balancer': SMOTESampler(k_neighbors=5), 'classifier': XGBoostEstimator(), 'classifier__colsample_bytree': 0.5301291301834172, 'classifier__learning_rate': 0.026942070738395364, 'classifier__max_depth': 12, 'classifier__min_child_weight': 50, 'classifier__n_estimators': 136, 'classifier__reg_alpha': 0.17297703760568575, 'classifier__reg_lambda': 2.289633559330952, 'classifier__scale_pos_weight': 1.6916044041891352, 'classifier__subsample': 0.6407366635979231, 'imputer': InterpolateImputer(), 'normalizer': ZScoreNormalizationNorm(), 'selector': SelectKBestFilter(k=20), 'tamer__contamination': 0.14912672081580267, 'tamer__detector': 'statistical', 'tamer__mad_threshold': 3.865297363556505, 'tamer__remediation': 'shrink'}",0.24612866967375632,0.23032343797982896,0.24233040649679222,0.24700470154532514,0.20775180012503053,0.2347078031641466,0.014735010967817486,74,0.6936765038444141,0.6778630543962652,0.7301832071868147,0.7111268303034589,0.6809789912994271,0.698765717406076,0.019591042939851533,62
1.5615783214569092,0.2915954857421106,0.13079309463500977,0.02586934365968609,SMOTESampler(),XGBoostEstimator(),0.5223125796586022,0.1660793642816787,6,17.0,209.0,0.0025232667318826826,1.6238954118005784,2.3060167211195863,0.8561637621382063,InterpolateImputer(),RobustScalerNorm(),SelectKBestFilter(),0.10758647785859152,statistical,2.2666255645829363,cluster_local_median,,,,,,,,,,,,,"{'balancer': SMOTESampler(), 'classifier': XGBoostEstimator(), 'classifier__colsample_bytree': 0.5223125796586022, 'classifier__learning_rate': 0.1660793642816787, 'classifier__max_depth': 6, 'classifier__min_child_weight': 17, 'classifier__n_estimators': 209, 'classifier__reg_alpha': 0.0025232667318826826, 'classifier__reg_lambda': 1.6238954118005784, 'classifier__scale_pos_weight': 2.3060167211195863, 'classifier__subsample': 0.8561637621382063, 'imputer': InterpolateImputer(), 'normalizer': RobustScalerNorm(), 'selector': SelectKBestFilter(), 'tamer__contamination': 0.10758647785859152, 'tamer__detector': 'statistical', 'tamer__mad_threshold': 2.2666255645829363, 'tamer__remediation': 'cluster_local_median'}",0.18251207297779987,0.16222675156605634,0.16200192152874504,0.19296790336011826,0.156275767942325,0.1711968834750089,0.014068838621001011,197,0.6446602216191768,0.6050010610454836,0.6215321496781495,0.6376246728443092,0.5732758010893401,0.6164187812552918,0.025554241921563945,193
4.202885484695434,0.4581949177047876,0.3739356517791748,0.10637002215175254,"FunctionSampler(func=<function _identity at 0x70fa04776fc0>, validate=False)",XGBoostEstimator(),0.7281654226114309,0.12811883395165627,7,5.0,520.0,0.001875667537279405,2.592150147150502,4.492720602425065,0.5157447544369816,KNNImputerWrapper(),RobustScalerNorm(),SelectKBestFilter(k=40),0.10253249097422777,statistical,2.0616515329480842,none,,,,,,,,,,,,,"{'balancer': FunctionSampler(func=<function _identity at 0x70fa04776fc0>, validate=False), 'classifier': XGBoostEstimator(), 'classifier__colsample_bytree': 0.7281654226114309, 'classifier__learning_rate': 0.12811883395165627, 'classifier__max_depth': 7, 'classifier__min_child_weight': 5, 'classifier__n_estimators': 520, 'classifier__reg_alpha': 0.001875667537279405, 'classifier__reg_lambda': 2.592150147150502, 'classifier__scale_pos_weight': 4.492720602425065, 'classifier__subsample': 0.5157447544369816, 'imputer': KNNImputerWrapper(), 'normalizer': RobustScalerNorm(), 'selector': SelectKBestFilter(k=40), 'tamer__contamination': 0.10253249097422777, 'tamer__detector': 'statistical', 'tamer__mad_threshold': 2.0616515329480842, 'tamer__remediation': 'none'}",0.2827273600565028,0.2456700018385607,0.2196791447871477,0.22417318308891776,0.21873603587360954,0.23819714512894768,0.024319153975021303,66,0.6957188489371324,0.6639386008346893,0.6891136733394637,0.6852160995968027,0.6758788993421517,0.681973224410048,0.011070979085592413,113
11.223775911331177,1.112209731678072,0.39815030097961424,0.056299425395880634,SMOTESampler(),XGBoostEstimator(),0.9223466740180961,0.11059819718254912,10,5.0,408.0,0.010256674080621512,0.31101987571796014,5.751302779157073,0.6098903387848325,InterpolateImputer(),ZScoreNormalizationNorm(),TreeBasedSelection(),0.07695857041115468,cluster,2.5048169486069805,shrink,,,,,,,,,,,,,"{'balancer': SMOTESampler(), 'classifier': XGBoostEstimator(), 'classifier__colsample_bytree': 0.9223466740180961, 'classifier__learning_rate': 0.11059819718254912, 'classifier__max_depth': 10, 'classifier__min_child_weight': 5, 'classifier__n_estimators': 408, 'classifier__reg_alpha': 0.010256674080621512, 'classifier__reg_lambda': 0.31101987571796014, 'classifier__scale_pos_weight': 5.751302779157073, 'classifier__subsample': 0.6098903387848325, 'imputer': InterpolateImputer(), 'normalizer': ZScoreNormalizationNorm(), 'selector': TreeBasedSelection(), 'tamer__contamination': 0.07695857041115468, 'tamer__detector': 'cluster', 'tamer__mad_threshold': 2.5048169486069805, 'tamer__remediation': 'shrink'}",0.1990797362987008,0.22339623983173662,0.20643256977645563,0.24255874714358774,0.1938322204612251,0.21305990270234115,0.017810626307745128,136,0.6558259837177747,0.6747329702199902,0.6859234632524581,0.6775199830232722,0.6353540355096555,0.6658712871446302,0.018157764606638774,146
3.4537765979766846,0.2698415028487612,0.4836373805999756,0.08539916156067008,"FunctionSampler(func=<function _identity at 0x70fa04776fc0>, validate=False)",XGBoostEstimator(),0.7988023444878705,0.19814473949881192,9,1.0,454.0,0.4367838739845351,0.32841544750842694,1.122372693457407,0.6572831138187781,KNNImputerWrapper(),ZScoreNormalizationNorm(),SelectKBestFilter(k=20),0.038439184149153656,cluster,3.9611504080806075,percentile_clip,,,,,,,,,,,,,"{'balancer': FunctionSampler(func=<function _identity at 0x70fa04776fc0>, validate=False), 'classifier': XGBoostEstimator(), 'classifier__colsample_bytree': 0.7988023444878705, 'classifier__learning_rate': 0.19814473949881192, 'classifier__max_depth': 9, 'classifier__min_child_weight': 1, 'classifier__n_estimators': 454, 'classifier__reg_alpha': 0.4367838739845351, 'classifier__reg_lambda': 0.32841544750842694, 'classifier__scale_pos_weight': 1.122372693457407, 'classifier__subsample': 0.6572831138187781, 'imputer': KNNImputerWrapper(), 'normalizer': ZScoreNormalizationNorm(), 'selector': SelectKBestFilter(k=20), 'tamer__contamination': 0.038439184149153656, 'tamer__detector': 'cluster', 'tamer__mad_threshold': 3.9611504080806075, 'tamer__remediation': 'percentile_clip'}",0.20417993517019403,0.2439399195636539,0.21259882231046912,0.239139891054726,0.19848883534805195,0.219669480689419,0.018475340594003443,114,0.6604548281320669,0.6673976091108438,0.6786942066916601,0.6770460493739832,0.6534130296385372,0.6674011445894182,0.009638216895803454,144
5.859064769744873,0.28312530573854305,0.34504051208496095,0.05751097777027075,SMOTESampler(k_neighbors=5),XGBoostEstimator(),0.8028031579444971,0.01383523739100153,11,11.0,149.0,0.0936837817926844,9.55306811119122,1.903174708464571,0.6308770400566437,ClassMeanImputer(),RobustScalerNorm(),TreeBasedSelection(),0.02293771814644766,statistical,3.3034232600081967,mad_replace,,,,,,,,,,,,,"{'balancer': SMOTESampler(k_neighbors=5), 'classifier': XGBoostEstimator(), 'classifier__colsample_bytree': 0.8028031579444971, 'classifier__learning_rate': 0.01383523739100153, 'classifier__max_depth': 11, 'classifier__min_child_weight': 11, 'classifier__n_estimators': 149, 'classifier__reg_alpha': 0.0936837817926844, 'classifier__reg_lambda': 9.55306811119122, 'classifier__scale_pos_weight': 1.903174708464571, 'classifier__subsample': 0.6308770400566437, 'imputer': ClassMeanImputer(), 'normalizer': RobustScalerNorm(), 'selector': TreeBasedSelection(), 'tamer__contamination': 0.02293771814644766, 'tamer__detector': 'statistical', 'tamer__mad_threshold': 3.3034232600081967, 'tamer__remediation': 'mad_replace'}",0.2644579014270567,0.22784722155537057,0.24653093358574207,0.2557124086683646,0.2600737647509042,0.25092444599748764,0.012974207300004667,32,0.71729421076436,0.6805899412888167,0.7215745914974889,0.7094291575298861,0.7015703473155549,0.7060916496792212,0.01447160755935775,37
5.913692045211792,0.3784552629630233,0.5592503070831298,0.0888925081615235,SMOTESampler(k_neighbors=5),XGBoostEstimator(),0.9100330953640803,0.1283066573493522,4,37.0,643.0,0.005183742053771797,0.788613609968078,8.289068455910225,0.6998960843504899,KNNImputerWrapper(),ZScoreNormalizationNorm(),TreeBasedSelection(),0.018007222024776552,cluster,3.2107459745466738,shrink,,,,,,,,,,,,,"{'balancer': SMOTESampler(k_neighbors=5), 'classifier': XGBoostEstimator(), 'classifier__colsample_bytree': 0.9100330953640803, 'classifier__learning_rate': 0.1283066573493522, 'classifier__max_depth': 4, 'classifier__min_child_weight': 37, 'classifier__n_estimators': 643, 'classifier__reg_alpha': 0.005183742053771797, 'classifier__reg_lambda': 0.788613609968078, 'classifier__scale_pos_weight': 8.289068455910225, 'classifier__subsample': 0.6998960843504899, 'imputer': KNNImputerWrapper(), 'normalizer': ZScoreNormalizationNorm(), 'selector': TreeBasedSelection(), 'tamer__contamination': 0.018007222024776552, 'tamer__detector': 'cluster', 'tamer__mad_threshold': 3.2107459745466738, 'tamer__remediation': 'shrink'}",0.20397456526917912,0.2403704502528615,0.2165149318782827,0.19234738582412383,0.20046295543908327,0.2107340577327061,0.016739117372550495,147,0.6552747625508819,0.6708566173869985,0.6676098182075405,0.6748673693145647,0.630862276296244,0.659894168751246,0.015925407089905492,162
1.5592427253723145,0.24938342919316445,0.10905842781066895,0.029847016758196045,SMOTESampler(),XGBoostEstimator(),0.5956915042762547,0.1398016943373809,2,4.0,306.0,0.041635360994102553,6.415561349678921,1.0977440783244152,0.6218412275413558,MeanImputer(),ZScoreNormalizationNorm(),SelectKBestFilter(k=20),0.04778862175949263,cluster,3.6933486002366838,cluster_local_median,,,,,,,,,,,,,"{'balancer': SMOTESampler(), 'classifier': XGBoostEstimator(), 'classifier__colsample_bytree': 0.5956915042762547, 'classifier__learning_rate': 0.1398016943373809, 'classifier__max_depth': 2, 'classifier__min_child_weight': 4, 'classifier__n_estimators': 306, 'classifier__reg_alpha': 0.041635360994102553, 'classifier__reg_lambda': 6.415561349678921, 'classifier__scale_pos_weight': 1.0977440783244152, 'classifier__subsample': 0.6218412275413558, 'imputer': MeanImputer(), 'normalizer': ZScoreNormalizationNorm(), 'selector': SelectKBestFilter(k=20), 'tamer__contamination': 0.04778862175949263, 'tamer__detector': 'cluster', 'tamer__mad_threshold': 3.6933486002366838, 'tamer__remediation': 'cluster_local_median'}",0.21333407175309999,0.1863560487725498,0.22199259677139552,0.19278228650085139,0.1744659711931146,0.19778619499820224,0.017476879239153524,171,0.6686030076888286,0.6548631251326307,0.6905637688335574,0.6532998514536323,0.6412746693074909,0.661720884483228,0.01682418481277671,155
1.681143569946289,0.26519169188861,0.12310638427734374,0.03322454026255369,SMOTESampler(),XGBoostEstimator(),0.5890072292616695,0.18658939091585364,3,42.0,684.0,0.35765252756825155,1.4224226769453583,1.3283231881666249,0.9383780842654159,MeanImputer(),ZScoreNormalizationNorm(),SelectKBestFilter(),0.02723153663176789,statistical,2.993186754430619,shrink,,,,,,,,,,,,,"{'balancer': SMOTESampler(), 'classifier': XGBoostEstimator(), 'classifier__colsample_bytree': 0.5890072292616695, 'classifier__learning_rate': 0.18658939091585364, 'classifier__max_depth': 3, 'classifier__min_child_weight': 42, 'classifier__n_estimators': 684, 'classifier__reg_alpha': 0.35765252756825155, 'classifier__reg_lambda': 1.4224226769453583, 'classifier__scale_pos_weight': 1.3283231881666249, 'classifier__subsample': 0.9383780842654159, 'imputer': MeanImputer(), 'normalizer': ZScoreNormalizationNorm(), 'selector': SelectKBestFilter(), 'tamer__contamination': 0.02723153663176789, 'tamer__detector': 'statistical', 'tamer__mad_threshold': 2.993186754430619, 'tamer__remediation': 'shrink'}",0.19613167606213883,0.1966275897078824,0.21156455360694704,0.21189313937003573,0.16992038848607888,0.19722746944661657,0.01528313545023304,173,0.6261872455902306,0.6344132418476339,0.6689891773360683,0.648903586333734,0.6197354459927849,0.6396457394200904,0.017616327367421705,178
2.4604681491851808,0.29638734966378,0.14162673950195312,0.02612216591846661,BorderlineSMOTESampler(),XGBoostEstimator(),0.5676580329006844,0.21405208951446508,12,26.0,191.0,0.05961792710097729,0.2476325874458895,1.3845217893338735,0.7187207953083312,InterpolateImputer(),ZScoreNormalizationNorm(),SelectKBestFilter(k=20),0.07020142435486583,iforest,3.362296376899126,none,,,,,,,,,,,,,"{'balancer': BorderlineSMOTESampler(), 'classifier': XGBoostEstimator(), 'classifier__colsample_bytree': 0.5676580329006844, 'classifier__learning_rate': 0.21405208951446508, 'classifier__max_depth': 12, 'classifier__min_child_weight': 26, 'classifier__n_estimators': 191, 'classifier__reg_alpha': 0.05961792710097729, 'classifier__reg_lambda': 0.2476325874458895, 'classifier__scale_pos_weight': 1.3845217893338735, 'classifier__subsample': 0.7187207953083312, 'imputer': InterpolateImputer(), 'normalizer': ZScoreNormalizationNorm(), 'selector': SelectKBestFilter(k=20), 'tamer__contamination': 0.07020142435486583, 'tamer__detector': 'iforest', 'tamer__mad_threshold': 3.362296376899126, 'tamer__remediation': 'none'}",0.20865461828550858,0.21554242744284527,0.22674475762196455,0.21413678624135835,0.1797771670980397,0.20897115133794325,0.01573629843968815,153,0.6664051899592944,0.6569993633727099,0.6840348022918583,0.672674541982033,0.6260663507109006,0.6612360496633592,0.019658074546968548,156
1.9274174690246582,0.17834022696398055,0.12770142555236816,0.02602808371293799,"FunctionSampler(func=<function _identity at 0x70fa04776fc0>, validate=False)",XGBoostEstimator(),0.8167952615979104,0.27876973315901804,2,2.0,234.0,0.0073449793812252594,0.366667650152589,3.145599601024727,0.9174863178869463,InterpolateImputer(),RobustScalerNorm(),SelectKBestFilter(k=30),0.02067466008710223,iforest,2.0115826933082444,none,,,,,,,,,,,,,"{'balancer': FunctionSampler(func=<function _identity at 0x70fa04776fc0>, validate=False), 'classifier': XGBoostEstimator(), 'classifier__colsample_bytree': 0.8167952615979104, 'classifier__learning_rate': 0.27876973315901804, 'classifier__max_depth': 2, 'classifier__min_child_weight': 2, 'classifier__n_estimators': 234, 'classifier__reg_alpha': 0.0073449793812252594, 'classifier__reg_lambda': 0.366667650152589, 'classifier__scale_pos_weight': 3.145599601024727, 'classifier__subsample': 0.9174863178869463, 'imputer': InterpolateImputer(), 'normalizer': RobustScalerNorm(), 'selector': SelectKBestFilter(k=30), 'tamer__contamination': 0.02067466008710223, 'tamer__detector': 'iforest', 'tamer__mad_threshold': 2.0115826933082444, 'tamer__remediation': 'none'}",0.2369469041548597,0.2485938109298618,0.2596146009855882,0.2429156024299225,0.2067763529501822,0.23896945429008287,0.01774772600014298,63,0.694142921754862,0.6690245455188513,0.7027799391667257,0.6946452571266888,0.6702695055528046,0.6861724338239865,0.013842542015164024,101
14.01343879699707,0.9199247079660487,0.2984918594360352,0.15378688011226788,BorderlineSMOTESampler(),XGBoostEstimator(),0.7719062280242643,0.018812684609034364,10,1.0,218.0,0.0015839572542094198,0.10988073785718838,1.2019501090746392,0.6808663928090831,MeanImputer(),ZScoreNormalizationNorm(),SelectKBestFilter(k=30),0.04933469724374686,iforest,2.1152545199232597,shrink,,,,,,,,,,,,,"{'balancer': BorderlineSMOTESampler(), 'classifier': XGBoostEstimator(), 'classifier__colsample_bytree': 0.7719062280242643, 'classifier__learning_rate': 0.018812684609034364, 'classifier__max_depth': 10, 'classifier__min_child_weight': 1, 'classifier__n_estimators': 218, 'classifier__reg_alpha': 0.0015839572542094198, 'classifier__reg_lambda': 0.10988073785718838, 'classifier__scale_pos_weight': 1.2019501090746392, 'classifier__subsample': 0.6808663928090831, 'imputer': MeanImputer(), 'normalizer': ZScoreNormalizationNorm(), 'selector': SelectKBestFilter(k=30), 'tamer__contamination': 0.04933469724374686, 'tamer__detector': 'iforest', 'tamer__mad_threshold': 2.1152545199232597, 'tamer__remediation': 'shrink'}",0.2459661545802516,0.22103117180005055,0.2176961014528717,0.2450320313877733,0.2446154751664617,0.23486818687748173,0.012710796634615438,71,0.7029412596110358,0.6621065289665417,0.7053123010539719,0.7118907830515668,0.714168494022777,0.6992838733411787,0.01903869457208983,61
2.786576747894287,0.22009729891526203,0.19639229774475098,0.01436365296374315,BorderlineSMOTESampler(),XGBoostEstimator(),0.8305056487855287,0.04556869701366731,4,22.0,485.0,3.1528795054842154,2.4651316440302233,9.564136496720511,0.9010452071678703,MeanImputer(),RobustScalerNorm(),SelectKBestFilter(),0.028552010608625136,iforest,3.705117382131068,winsorize,,,,,,,,,,,,,"{'balancer': BorderlineSMOTESampler(), 'classifier': XGBoostEstimator(), 'classifier__colsample_bytree': 0.8305056487855287, 'classifier__learning_rate': 0.04556869701366731, 'classifier__max_depth': 4, 'classifier__min_child_weight': 22, 'classifier__n_estimators': 485, 'classifier__reg_alpha': 3.1528795054842154, 'classifier__reg_lambda': 2.4651316440302233, 'classifier__scale_pos_weight': 9.564136496720511, 'classifier__subsample': 0.9010452071678703, 'imputer': MeanImputer(), 'normalizer': RobustScalerNorm(), 'selector': SelectKBestFilter(), 'tamer__contamination': 0.028552010608625136, 'tamer__detector': 'iforest', 'tamer__mad_threshold': 3.705117382131068, 'tamer__remediation': 'winsorize'}",0.21172953932975408,0.23588564377919818,0.23455242439261992,0.24423334597078578,0.2032938477017622,0.22593896023482402,0.01563663385692836,108,0.6606032338308458,0.6805757940157033,0.6878191978496145,0.6789771521539222,0.6754261866025324,0.6766803128905237,0.008995224352596691,121
1.435786771774292,0.4193047600550658,0.11307754516601562,0.042081218436767695,SMOTESampler(k_neighbors=5),XGBoostEstimator(),0.5653035260190824,0.2119900367349144,2,7.0,110.0,0.014405715597848923,7.214847897673502,3.5440438796698266,0.7420566206257901,InterpolateImputer(),RobustScalerNorm(),SelectKBestFilter(k=40),0.01895572428760294,cluster,2.7490084777939168,cluster_local_median,,,,,,,,,,,,,"{'balancer': SMOTESampler(k_neighbors=5), 'classifier': XGBoostEstimator(), 'classifier__colsample_bytree': 0.5653035260190824, 'classifier__learning_rate': 0.2119900367349144, 'classifier__max_depth': 2, 'classifier__min_child_weight': 7, 'classifier__n_estimators': 110, 'classifier__reg_alpha': 0.014405715597848923, 'classifier__reg_lambda': 7.214847897673502, 'classifier__scale_pos_weight': 3.5440438796698266, 'classifier__subsample': 0.7420566206257901, 'imputer': InterpolateImputer(), 'normalizer': RobustScalerNorm(), 'selector': SelectKBestFilter(k=40), 'tamer__contamination': 0.01895572428760294, 'tamer__detector': 'cluster', 'tamer__mad_threshold': 2.7490084777939168, 'tamer__remediation': 'cluster_local_median'}",0.21282897657723335,0.2055006340976272,0.20998001790593684,0.2401983145600453,0.206239303520406,0.21494944933224974,0.012898399886021454,131,0.6799242424242424,0.6592912216170332,0.6842116432057719,0.7079790620357926,0.6918440970502935,0.6846500532666268,0.015884538081071254,108
3.1559091567993165,0.45042885159476803,0.2898186206817627,0.0909713716754268,SMOTESampler(k_neighbors=5),XGBoostEstimator(),0.6006611178477202,0.055339298449318265,9,40.0,124.0,0.5903892632822294,0.16669396521298838,1.4237237051877567,0.7737260239822805,MeanImputer(),ZScoreNormalizationNorm(),SelectKBestFilter(k=30),0.011397307884692974,iforest,2.2866516251584907,winsorize,,,,,,,,,,,,,"{'balancer': SMOTESampler(k_neighbors=5), 'classifier': XGBoostEstimator(), 'classifier__colsample_bytree': 0.6006611178477202, 'classifier__learning_rate': 0.055339298449318265, 'classifier__max_depth': 9, 'classifier__min_child_weight': 40, 'classifier__n_estimators': 124, 'classifier__reg_alpha': 0.5903892632822294, 'classifier__reg_lambda': 0.16669396521298838, 'classifier__scale_pos_weight': 1.4237237051877567, 'classifier__subsample': 0.7737260239822805, 'imputer': MeanImputer(), 'normalizer': ZScoreNormalizationNorm(), 'selector': SelectKBestFilter(k=30), 'tamer__contamination': 0.011397307884692974, 'tamer__detector': 'iforest', 'tamer__mad_threshold': 2.2866516251584907, 'tamer__remediation': 'winsorize'}",0.22656349830283445,0.22770533950559751,0.21398370797852304,0.2477191810543012,0.22967557512099585,0.22912946039245044,0.010806313464934107,99,0.7018670850293984,0.6570913206479452,0.7083681120464029,0.7066633656362736,0.7088703402419184,0.6965720447203877,0.019894698088086558,70
3.8083642959594726,0.615551553573625,0.3765162467956543,0.03824589499654388,SMOTESampler(),XGBoostEstimator(),0.6570639440820202,0.03236511382911345,10,4.0,229.0,0.06687460424084388,0.400502211321602,3.3729822706716033,0.9822580828568164,KNNImputerWrapper(),RobustScalerNorm(),SelectKBestFilter(),0.007055998576980451,iforest,2.885400346569321,mad_replace,,,,,,,,,,,,,"{'balancer': SMOTESampler(), 'classifier': XGBoostEstimator(), 'classifier__colsample_bytree': 0.6570639440820202, 'classifier__learning_rate': 0.03236511382911345, 'classifier__max_depth': 10, 'classifier__min_child_weight': 4, 'classifier__n_estimators': 229, 'classifier__reg_alpha': 0.06687460424084388, 'classifier__reg_lambda': 0.400502211321602, 'classifier__scale_pos_weight': 3.3729822706716033, 'classifier__subsample': 0.9822580828568164, 'imputer': KNNImputerWrapper(), 'normalizer': RobustScalerNorm(), 'selector': SelectKBestFilter(), 'tamer__contamination': 0.007055998576980451, 'tamer__detector': 'iforest', 'tamer__mad_threshold': 2.885400346569321, 'tamer__remediation': 'mad_replace'}",0.18460515415371362,0.18723027253966779,0.1772720471046338,0.20861838412784403,0.1590894373857242,0.1833630590623167,0.016003991504795975,193,0.6394236205336952,0.6361462828039895,0.6389191483341586,0.6525995614345336,0.6122869066987338,0.6358751039610221,0.013099940777308527,184
1.5772806644439696,0.2673371239777127,0.13496050834655762,0.0508518161219595,SMOTESampler(),XGBoostEstimator(),0.8770865115089761,0.2412334878825752,5,14.0,115.0,0.07557412131475093,1.1083241829432298,1.6278910244545708,0.5425626025859389,MeanImputer(),ZScoreNormalizationNorm(),SelectKBestFilter(k=40),0.020081579684766714,statistical,3.4016646301791855,shrink,,,,,,,,,,,,,"{'balancer': SMOTESampler(), 'classifier': XGBoostEstimator(), 'classifier__colsample_bytree': 0.8770865115089761, 'classifier__learning_rate': 0.2412334878825752, 'classifier__max_depth': 5, 'classifier__min_child_weight': 14, 'classifier__n_estimators': 115, 'classifier__reg_alpha': 0.07557412131475093, 'classifier__reg_lambda': 1.1083241829432298, 'classifier__scale_pos_weight': 1.6278910244545708, 'classifier__subsample': 0.5425626025859389, 'imputer': MeanImputer(), 'normalizer': ZScoreNormalizationNorm(), 'selector': SelectKBestFilter(k=40), 'tamer__contamination': 0.020081579684766714, 'tamer__detector': 'statistical', 'tamer__mad_threshold': 3.4016646301791855, 'tamer__remediation': 'shrink'}",0.23556891445966582,0.2049449295832945,0.2040957612538503,0.22203350536827499,0.1802192843542325,0.20937247900386363,0.018675708937304084,151,0.675761815920398,0.6604583716488646,0.6742165947513616,0.6733819056376883,0.6384452146848696,0.6644527805286364,0.01410889370785516,150
3.444465494155884,0.3612300157266258,0.1329575538635254,0.03358608045341257,SMOTESampler(),XGBoostEstimator(),0.8572849415140642,0.06623771149825462,3,3.0,349.0,0.0013925092224727743,8.156103758563852,1.0130203539248792,0.6046662490980537,InterpolateImputer(),RobustScalerNorm(),SelectKBestFilter(k=40),0.08723521306448616,iforest,3.2426739154992816,none,,,,,,,,,,,,,"{'balancer': SMOTESampler(), 'classifier': XGBoostEstimator(), 'classifier__colsample_bytree': 0.8572849415140642, 'classifier__learning_rate': 0.06623771149825462, 'classifier__max_depth': 3, 'classifier__min_child_weight': 3, 'classifier__n_estimators': 349, 'classifier__reg_alpha': 0.0013925092224727743, 'classifier__reg_lambda': 8.156103758563852, 'classifier__scale_pos_weight': 1.0130203539248792, 'classifier__subsample': 0.6046662490980537, 'imputer': InterpolateImputer(), 'normalizer': RobustScalerNorm(), 'selector': SelectKBestFilter(k=40), 'tamer__contamination': 0.08723521306448616, 'tamer__detector': 'iforest', 'tamer__mad_threshold': 3.2426739154992816, 'tamer__remediation': 'none'}",0.22679293805064366,0.21793970949908983,0.23932342936194284,0.24226463843588653,0.22167947162161988,0.22960003739383655,0.009607443847426846,97,0.6831609000452284,0.6856971068826483,0.7119544457805759,0.6958831435240858,0.6861215250760416,0.692563424261716,0.010621526186343936,80
2.4893918514251707,0.36784417565368543,0.1470365047454834,0.04078063022551212,"FunctionSampler(func=<function _identity at 0x70fa04776fc0>, validate=False)",XGBoostEstimator(),0.9066456466006318,0.011112809854716825,6,9.0,548.0,0.0362782718735778,0.12634825581716538,6.915639167080224,0.9257472757484562,MeanImputer(),ZScoreNormalizationNorm(),SelectKBestFilter(),0.030917125114726374,cluster,3.8251106540924615,mad_replace,,,,,,,,,,,,,"{'balancer': FunctionSampler(func=<function _identity at 0x70fa04776fc0>, validate=False), 'classifier': XGBoostEstimator(), 'classifier__colsample_bytree': 0.9066456466006318, 'classifier__learning_rate': 0.011112809854716825, 'classifier__max_depth': 6, 'classifier__min_child_weight': 9, 'classifier__n_estimators': 548, 'classifier__reg_alpha': 0.0362782718735778, 'classifier__reg_lambda': 0.12634825581716538, 'classifier__scale_pos_weight': 6.915639167080224, 'classifier__subsample': 0.9257472757484562, 'imputer': MeanImputer(), 'normalizer': ZScoreNormalizationNorm(), 'selector': SelectKBestFilter(), 'tamer__contamination': 0.030917125114726374, 'tamer__detector': 'cluster', 'tamer__mad_threshold': 3.8251106540924615, 'tamer__remediation': 'mad_replace'}",0.24786880014299079,0.20230596340889678,0.233387742553898,0.26042180668325987,0.19123755060578737,0.22704437267896654,0.026389640473031595,105,0.6922171811397557,0.6581028506755322,0.7133833203649997,0.6976091108438849,0.6715427601329842,0.6865710446314315,0.019539208250443526,99
3.7811926364898683,0.30018393747920563,0.3669297218322754,0.06565098267272759,BorderlineSMOTESampler(),XGBoostEstimator(),0.6139815360514755,0.011450727086327054,5,4.0,586.0,0.11638193723000254,0.7007986394285926,6.229188582164149,0.6428834635321065,KNNImputerWrapper(),ZScoreNormalizationNorm(),SelectKBestFilter(k=20),0.009118765885265525,cluster,2.177152409307966,shrink,,,,,,,,,,,,,"{'balancer': BorderlineSMOTESampler(), 'classifier': XGBoostEstimator(), 'classifier__colsample_bytree': 0.6139815360514755, 'classifier__learning_rate': 0.011450727086327054, 'classifier__max_depth': 5, 'classifier__min_child_weight': 4, 'classifier__n_estimators': 586, 'classifier__reg_alpha': 0.11638193723000254, 'classifier__reg_lambda': 0.7007986394285926, 'classifier__scale_pos_weight': 6.229188582164149, 'classifier__subsample': 0.6428834635321065, 'imputer': KNNImputerWrapper(), 'normalizer': ZScoreNormalizationNorm(), 'selector': SelectKBestFilter(k=20), 'tamer__contamination': 0.009118765885265525, 'tamer__detector': 'cluster', 'tamer__mad_threshold': 2.177152409307966, 'tamer__remediation': 'shrink'}",0.23260738168030046,0.24232132064664869,0.23184079738306884,0.23869650434627168,0.20940079839022435,0.2309733604893028,0.011464912195948451,88,0.694128787878788,0.6773148475631321,0.7044139492112895,0.6950484544104123,0.6738063238310816,0.6889424725789407,0.011557267255944031,87
2.3394872188568114,0.3210136973934384,0.2735179901123047,0.07468221960139426,SMOTESampler(k_neighbors=5),LightGBMEstimator(),0.5227997610520192,0.18241430938125563,,,481.0,0.029738366924221514,1.2402069299341194,2.1214670467369268,0.6219390355758706,IterativeModelImputer(),ZScoreNormalizationNorm(),SelectKBestFilter(),0.020536860279811282,cluster,2.1004841836070884,percentile_clip,7.0,19.0,,,,,,,,,,,"{'balancer': SMOTESampler(k_neighbors=5), 'classifier': LightGBMEstimator(), 'classifier__colsample_bytree': 0.5227997610520192, 'classifier__learning_rate': 0.18241430938125563, 'classifier__min_child_samples': 7, 'classifier__n_estimators': 481, 'classifier__num_leaves': 19, 'classifier__reg_alpha': 0.029738366924221514, 'classifier__reg_lambda': 1.2402069299341194, 'classifier__scale_pos_weight': 2.1214670467369268, 'classifier__subsample': 0.6219390355758706, 'imputer': IterativeModelImputer(), 'normalizer': ZScoreNormalizationNorm(), 'selector': SelectKBestFilter(), 'tamer__contamination': 0.020536860279811282, 'tamer__detector': 'cluster', 'tamer__mad_threshold': 2.1004841836070884, 'tamer__remediation': 'percentile_clip'}",0.20033450127728955,0.19771245549650296,0.18194010118874393,0.22497265791530208,0.17154943588160462,0.19530183035188864,0.018189056863016553,176,0.6435224445952058,0.6192685859800524,0.62777109712103,0.6734243474570275,0.6072363301973545,0.6342445610701339,0.02287690925061277,185
5.635921335220337,0.4267866990375794,0.5292897701263428,0.10343093145305497,SMOTESampler(),LightGBMEstimator(),0.5856561226718355,0.07299655753573271,,,639.0,0.011603631148083444,2.2294019770569626,4.9982927123308425,0.6854575759217622,KNNImputerWrapper(),ZScoreNormalizationNorm(),SelectKBestFilter(k=30),0.011906339470898484,iforest,3.1854716273860584,mad_replace,32.0,22.0,,,,,,,,,,,"{'balancer': SMOTESampler(), 'classifier': LightGBMEstimator(), 'classifier__colsample_bytree': 0.5856561226718355, 'classifier__learning_rate': 0.07299655753573271, 'classifier__min_child_samples': 32, 'classifier__n_estimators': 639, 'classifier__num_leaves': 22, 'classifier__reg_alpha': 0.011603631148083444, 'classifier__reg_lambda': 2.2294019770569626, 'classifier__scale_pos_weight': 4.9982927123308425, 'classifier__subsample': 0.6854575759217622, 'imputer': KNNImputerWrapper(), 'normalizer': ZScoreNormalizationNorm(), 'selector': SelectKBestFilter(k=30), 'tamer__contamination': 0.011906339470898484, 'tamer__detector': 'iforest', 'tamer__mad_threshold': 3.1854716273860584, 'tamer__remediation': 'mad_replace'}",0.1976077882611835,0.21262910057364892,0.18929494138096128,0.19903686508560056,0.16105291124229137,0.19192432130873713,0.017155381419725467,182,0.6722000791497059,0.6494234986206409,0.6834759850038905,0.6722501237886397,0.6268232298224518,0.6608345832770658,0.020293383900220428,159
3.667795467376709,0.5443722346203181,0.15999336242675782,0.039545519216694726,SMOTESampler(k_neighbors=5),LightGBMEstimator(),0.6641054933299636,0.0271644953418897,,,113.0,0.001544193452773369,1.717973827251963,1.3026090686262661,0.6126047358240443,InterpolateImputer(),RobustScalerNorm(),SelectKBestFilter(k=30),0.07050804187978334,statistical,2.4219663727151755,cluster_local_median,29.0,97.0,,,,,,,,,,,"{'balancer': SMOTESampler(k_neighbors=5), 'classifier': LightGBMEstimator(), 'classifier__colsample_bytree': 0.6641054933299636, 'classifier__learning_rate': 0.0271644953418897, 'classifier__min_child_samples': 29, 'classifier__n_estimators': 113, 'classifier__num_leaves': 97, 'classifier__reg_alpha': 0.001544193452773369, 'classifier__reg_lambda': 1.717973827251963, 'classifier__scale_pos_weight': 1.3026090686262661, 'classifier__subsample': 0.6126047358240443, 'imputer': InterpolateImputer(), 'normalizer': RobustScalerNorm(), 'selector': SelectKBestFilter(k=30), 'tamer__contamination': 0.07050804187978334, 'tamer__detector': 'statistical', 'tamer__mad_threshold': 2.4219663727151755, 'tamer__remediation': 'cluster_local_median'}",0.23329677576898947,0.2025452654077671,0.2134579923349474,0.23638164774021378,0.2016659290147087,0.2174695220533253,0.014810468042643356,121,0.6835919832654906,0.6627714508028577,0.7124566739760911,0.6922543679705737,0.6875857678432481,0.6877320487716523,0.015949617261251273,92
1.1407596588134765,0.13646833584964244,0.13261356353759765,0.025036559311250806,"FunctionSampler(func=<function _identity at 0x70fa04776fc0>, validate=False)",LightGBMEstimator(),0.804064129445341,0.04409601020037181,,,119.0,0.237975854381156,0.21501340886886278,8.768842163575986,0.9636157607197732,ClassMeanImputer(),ZScoreNormalizationNorm(),SelectKBestFilter(),0.020726958696597554,statistical,3.393716010034394,mad_replace,7.0,61.0,,,,,,,,,,,"{'balancer': FunctionSampler(func=<function _identity at 0x70fa04776fc0>, validate=False), 'classifier': LightGBMEstimator(), 'classifier__colsample_bytree': 0.804064129445341, 'classifier__learning_rate': 0.04409601020037181, 'classifier__min_child_samples': 7, 'classifier__n_estimators': 119, 'classifier__num_leaves': 61, 'classifier__reg_alpha': 0.237975854381156, 'classifier__reg_lambda': 0.21501340886886278, 'classifier__scale_pos_weight': 8.768842163575986, 'classifier__subsample': 0.9636157607197732, 'imputer': ClassMeanImputer(), 'normalizer': ZScoreNormalizationNorm(), 'selector': SelectKBestFilter(), 'tamer__contamination': 0.020726958696597554, 'tamer__detector': 'statistical', 'tamer__mad_threshold': 3.393716010034394, 'tamer__remediation': 'mad_replace'}",0.22326387546095683,0.18463059904194365,0.2239250235976643,0.2512784846158258,0.17634116148392534,0.21188782884006319,0.02768557166898743,143,0.6749632519222072,0.6359199264341799,0.6879111551248497,0.6863195868996251,0.6407795147485322,0.6651786870258787,0.022409083616850314,147
3.3679740905761717,0.22773588322492982,0.3313578128814697,0.05619629440409961,BorderlineSMOTESampler(),LightGBMEstimator(),0.5143112305338504,0.057460581649377056,,,387.0,0.8539322726100341,0.3636315538855092,3.0950413917535893,0.6760141097349526,MeanImputer(),ZScoreNormalizationNorm(),SelectKBestFilter(),0.04253649346288466,statistical,2.161402491953109,none,37.0,119.0,,,,,,,,,,,"{'balancer': BorderlineSMOTESampler(), 'classifier': LightGBMEstimator(), 'classifier__colsample_bytree': 0.5143112305338504, 'classifier__learning_rate': 0.057460581649377056, 'classifier__min_child_samples': 37, 'classifier__n_estimators': 387, 'classifier__num_leaves': 119, 'classifier__reg_alpha': 0.8539322726100341, 'classifier__reg_lambda': 0.3636315538855092, 'classifier__scale_pos_weight': 3.0950413917535893, 'classifier__subsample': 0.6760141097349526, 'imputer': MeanImputer(), 'normalizer': ZScoreNormalizationNorm(), 'selector': SelectKBestFilter(), 'tamer__contamination': 0.04253649346288466, 'tamer__detector': 'statistical', 'tamer__mad_threshold': 2.161402491953109, 'tamer__remediation': 'none'}",0.19990875530481567,0.21345444985813078,0.20013370157382301,0.23969241487205262,0.1816473708276279,0.20696733848729001,0.01923869117492966,158,0.6562570669380371,0.6663294899908042,0.6518143877767562,0.6883921624106952,0.6310744853929404,0.6587735185018466,0.018742226315095516,164
4.875881385803223,0.20940157609420787,0.33657102584838866,0.010631858271170845,SMOTESampler(),LightGBMEstimator(),0.7511309476255887,0.0862383480114609,,,146.0,3.1508374426140957,0.5285673202728992,2.5803049156079565,0.8305732922577427,MeanImputer(),RobustScalerNorm(),TreeBasedSelection(),0.00542971586736494,iforest,3.1502296771653153,mad_replace,16.0,36.0,,,,,,,,,,,"{'balancer': SMOTESampler(), 'classifier': LightGBMEstimator(), 'classifier__colsample_bytree': 0.7511309476255887, 'classifier__learning_rate': 0.0862383480114609, 'classifier__min_child_samples': 16, 'classifier__n_estimators': 146, 'classifier__num_leaves': 36, 'classifier__reg_alpha': 3.1508374426140957, 'classifier__reg_lambda': 0.5285673202728992, 'classifier__scale_pos_weight': 2.5803049156079565, 'classifier__subsample': 0.8305732922577427, 'imputer': MeanImputer(), 'normalizer': RobustScalerNorm(), 'selector': TreeBasedSelection(), 'tamer__contamination': 0.00542971586736494, 'tamer__detector': 'iforest', 'tamer__mad_threshold': 3.1502296771653153, 'tamer__remediation': 'mad_replace'}",0.2450749139073309,0.2182119978112016,0.22259475956100827,0.24923855194348327,0.22563516400326805,0.23215107744525842,0.012546598058109669,82,0.705238014473089,0.6561010115300276,0.7073353611091463,0.6842682322982245,0.6851382895946806,0.6876161818010336,0.01849286182383668,96
11.084624576568604,0.4246755565747641,0.6673666954040527,0.16122925849847064,BorderlineSMOTESampler(),LightGBMEstimator(),0.856862044114727,0.12215612086419748,,,917.0,0.02386771462176825,0.27232826207441624,3.5841568176731,0.5886415551561857,IterativeModelImputer(),RobustScalerNorm(),SelectKBestFilter(k=20),0.0186095089514003,cluster,2.265654443398657,shrink,26.0,81.0,,,,,,,,,,,"{'balancer': BorderlineSMOTESampler(), 'classifier': LightGBMEstimator(), 'classifier__colsample_bytree': 0.856862044114727, 'classifier__learning_rate': 0.12215612086419748, 'classifier__min_child_samples': 26, 'classifier__n_estimators': 917, 'classifier__num_leaves': 81, 'classifier__reg_alpha': 0.02386771462176825, 'classifier__reg_lambda': 0.27232826207441624, 'classifier__scale_pos_weight': 3.5841568176731, 'classifier__subsample': 0.5886415551561857, 'imputer': IterativeModelImputer(), 'normalizer': RobustScalerNorm(), 'selector': SelectKBestFilter(k=20), 'tamer__contamination': 0.0186095089514003, 'tamer__detector': 'cluster', 'tamer__mad_threshold': 2.265654443398657, 'tamer__remediation': 'shrink'}",0.2088579133825159,0.23248578293957645,0.2347776203676077,0.21282096342154094,0.17717124975245457,0.21322270597273912,0.02075861640782745,135,0.6665394617819991,0.6603027516446205,0.6871684232864116,0.6795147485322204,0.6234208106387493,0.6633892391768001,0.022101616395369932,151
4.5535801410675045,0.583876207778726,0.35742697715759275,0.024284416356849355,"FunctionSampler(func=<function _identity at 0x70fa04776fc0>, validate=False)",LightGBMEstimator(),0.9580858955764103,0.1762331540415238,,,444.0,0.3252338449892837,1.5132216147606912,1.5993749696915966,0.6550026445740502,MeanImputer(),RobustScalerNorm(),TreeBasedSelection(),0.009248915931160225,statistical,3.428602296753046,mad_replace,23.0,28.0,,,,,,,,,,,"{'balancer': FunctionSampler(func=<function _identity at 0x70fa04776fc0>, validate=False), 'classifier': LightGBMEstimator(), 'classifier__colsample_bytree': 0.9580858955764103, 'classifier__learning_rate': 0.1762331540415238, 'classifier__min_child_samples': 23, 'classifier__n_estimators': 444, 'classifier__num_leaves': 28, 'classifier__reg_alpha': 0.3252338449892837, 'classifier__reg_lambda': 1.5132216147606912, 'classifier__scale_pos_weight': 1.5993749696915966, 'classifier__subsample': 0.6550026445740502, 'imputer': MeanImputer(), 'normalizer': RobustScalerNorm(), 'selector': TreeBasedSelection(), 'tamer__contamination': 0.009248915931160225, 'tamer__detector': 'statistical', 'tamer__mad_threshold': 3.428602296753046, 'tamer__remediation': 'mad_replace'}",0.21297258791055584,0.2209671586061555,0.2050792660018167,0.23117462613138384,0.20904450328856383,0.21584762838769517,0.009291204946894551,127,0.6857827340569879,0.6496640022635637,0.6641649572044988,0.6933649289099526,0.6439909457452077,0.667393513636042,0.01941709130144707,145
4.006228733062744,0.16391303971316767,0.24017276763916015,0.04314546972343951,BorderlineSMOTESampler(),LightGBMEstimator(),0.7064085648936345,0.24887163375417304,,,414.0,1.082214000179019,7.871927858157417,3.815553024838068,0.9003815489155733,ClassMeanImputer(),RobustScalerNorm(),SelectKBestFilter(k=30),0.012591368954560036,statistical,2.8171878212138566,winsorize,13.0,33.0,,,,,,,,,,,"{'balancer': BorderlineSMOTESampler(), 'classifier': LightGBMEstimator(), 'classifier__colsample_bytree': 0.7064085648936345, 'classifier__learning_rate': 0.24887163375417304, 'classifier__min_child_samples': 13, 'classifier__n_estimators': 414, 'classifier__num_leaves': 33, 'classifier__reg_alpha': 1.082214000179019, 'classifier__reg_lambda': 7.871927858157417, 'classifier__scale_pos_weight': 3.815553024838068, 'classifier__subsample': 0.9003815489155733, 'imputer': ClassMeanImputer(), 'normalizer': RobustScalerNorm(), 'selector': SelectKBestFilter(k=30), 'tamer__contamination': 0.012591368954560036, 'tamer__detector': 'statistical', 'tamer__mad_threshold': 2.8171878212138566, 'tamer__remediation': 'winsorize'}",0.20957826128934512,0.22779987997194442,0.20741602678202192,0.2393268821572196,0.1977880973531036,0.21638182951072693,0.015028295658175718,124,0.6716347241067391,0.6549621560444224,0.683674046827474,0.6968593053688901,0.6588597297870835,0.6731979924269218,0.015557511098374582,131
3.1788392543792723,0.3198524159892321,0.3715801239013672,0.10187797665525929,SMOTESampler(k_neighbors=5),LightGBMEstimator(),0.958824910615284,0.05116307940815616,,,175.0,0.0035685635551616574,0.1147798961672312,5.357225702788615,0.647916667161584,MeanImputer(),ZScoreNormalizationNorm(),TreeBasedSelection(),0.0370381868033122,cluster,2.4805319546803113,percentile_clip,81.0,16.0,,,,,,,,,,,"{'balancer': SMOTESampler(k_neighbors=5), 'classifier': LightGBMEstimator(), 'classifier__colsample_bytree': 0.958824910615284, 'classifier__learning_rate': 0.05116307940815616, 'classifier__min_child_samples': 81, 'classifier__n_estimators': 175, 'classifier__num_leaves': 16, 'classifier__reg_alpha': 0.0035685635551616574, 'classifier__reg_lambda': 0.1147798961672312, 'classifier__scale_pos_weight': 5.357225702788615, 'classifier__subsample': 0.647916667161584, 'imputer': MeanImputer(), 'normalizer': ZScoreNormalizationNorm(), 'selector': TreeBasedSelection(), 'tamer__contamination': 0.0370381868033122, 'tamer__detector': 'cluster', 'tamer__mad_threshold': 2.4805319546803113, 'tamer__remediation': 'percentile_clip'}",0.23977465476109067,0.22298123999857153,0.23659495743217035,0.26054237028503835,0.22520457639414587,0.23701955977420336,0.013399714207834515,69,0.6959379240162823,0.6584282379571338,0.7140340949282025,0.7180448468557685,0.6938105680130155,0.6960511343540805,0.021107465731451593,73
3.00845046043396,0.2510485431298233,0.5757029056549072,0.06693590188428558,SMOTESampler(k_neighbors=5),LightGBMEstimator(),0.6235656183653067,0.15821739284252373,,,483.0,1.0437555794429407,0.9605207762018411,5.429957485039008,0.7237059825646632,KNNImputerWrapper(),RobustScalerNorm(),SelectKBestFilter(),0.10916426201033597,statistical,2.449970888665053,winsorize,5.0,55.0,,,,,,,,,,,"{'balancer': SMOTESampler(k_neighbors=5), 'classifier': LightGBMEstimator(), 'classifier__colsample_bytree': 0.6235656183653067, 'classifier__learning_rate': 0.15821739284252373, 'classifier__min_child_samples': 5, 'classifier__n_estimators': 483, 'classifier__num_leaves': 55, 'classifier__reg_alpha': 1.0437555794429407, 'classifier__reg_lambda': 0.9605207762018411, 'classifier__scale_pos_weight': 5.429957485039008, 'classifier__subsample': 0.7237059825646632, 'imputer': KNNImputerWrapper(), 'normalizer': RobustScalerNorm(), 'selector': SelectKBestFilter(), 'tamer__contamination': 0.10916426201033597, 'tamer__detector': 'statistical', 'tamer__mad_threshold': 2.449970888665053, 'tamer__remediation': 'winsorize'}",0.18150643082237872,0.2098959179142183,0.19236195530296252,0.23208473119200512,0.1896859857866277,0.20110700420363847,0.018044182399925238,168,0.6302224672094074,0.6343849473014076,0.6268161561858951,0.6733040956355663,0.6272759425620713,0.6384007217788696,0.017659097777845474,182
2.6619150638580322,0.2636264240552734,0.22731308937072753,0.06698808241707754,SMOTESampler(),LightGBMEstimator(),0.8457042732436135,0.2679195409321083,,,107.0,0.006344711329834975,0.15679012728068425,2.005631587253346,0.5281628052087765,IterativeModelImputer(),RobustScalerNorm(),SelectKBestFilter(k=40),0.050822436561789724,iforest,3.303343548792031,percentile_clip,9.0,16.0,,,,,,,,,,,"{'balancer': SMOTESampler(), 'classifier': LightGBMEstimator(), 'classifier__colsample_bytree': 0.8457042732436135, 'classifier__learning_rate': 0.2679195409321083, 'classifier__min_child_samples': 9, 'classifier__n_estimators': 107, 'classifier__num_leaves': 16, 'classifier__reg_alpha': 0.006344711329834975, 'classifier__reg_lambda': 0.15679012728068425, 'classifier__scale_pos_weight': 2.005631587253346, 'classifier__subsample': 0.5281628052087765, 'imputer': IterativeModelImputer(), 'normalizer': RobustScalerNorm(), 'selector': SelectKBestFilter(k=40), 'tamer__contamination': 0.050822436561789724, 'tamer__detector': 'iforest', 'tamer__mad_threshold': 3.303343548792031, 'tamer__remediation': 'percentile_clip'}",0.21580073959378604,0.20297153452685257,0.223685364142651,0.23281645494876124,0.2031775036234777,0.21569031936710573,0.011623902091787593,128,0.6730693125282677,0.6338685718327791,0.6901817924595034,0.671769116502794,0.6551602178680059,0.66480980223827,0.019030836400819946,148
1.4214940547943116,0.18278664476074943,0.13846583366394044,0.0246490324190687,SMOTESampler(k_neighbors=5),LightGBMEstimator(),0.7494268761907862,0.01323962974279023,,,150.0,0.051603581234828486,0.44846049788956616,2.330614893790746,0.5076128393396449,InterpolateImputer(),RobustScalerNorm(),SelectKBestFilter(),0.11335200697936035,cluster,3.676867310769393,cluster_local_median,22.0,34.0,,,,,,,,,,,"{'balancer': SMOTESampler(k_neighbors=5), 'classifier': LightGBMEstimator(), 'classifier__colsample_bytree': 0.7494268761907862, 'classifier__learning_rate': 0.01323962974279023, 'classifier__min_child_samples': 22, 'classifier__n_estimators': 150, 'classifier__num_leaves': 34, 'classifier__reg_alpha': 0.051603581234828486, 'classifier__reg_lambda': 0.44846049788956616, 'classifier__scale_pos_weight': 2.330614893790746, 'classifier__subsample': 0.5076128393396449, 'imputer': InterpolateImputer(), 'normalizer': RobustScalerNorm(), 'selector': SelectKBestFilter(), 'tamer__contamination': 0.11335200697936035, 'tamer__detector': 'cluster', 'tamer__mad_threshold': 3.676867310769393, 'tamer__remediation': 'cluster_local_median'}",0.25621415339681225,0.20541410744518462,0.2220829816960145,0.2509691581511654,0.21297684326652022,0.22953144879113943,0.020409423742079297,98,0.6987717661691542,0.6542194242059843,0.7054396265119898,0.6832142604512981,0.683468911367334,0.685022797741152,0.01766586664180677,107
4.946856307983398,0.41766766188911275,0.17477145195007324,0.03469583835646753,SMOTESampler(),LightGBMEstimator(),0.673050544151107,0.06856036353179085,,,201.0,0.001241597943261941,0.4261825957417029,2.686358139571487,0.7617437131317495,MeanImputer(),RobustScalerNorm(),SelectKBestFilter(k=30),0.014846433114002017,iforest,2.6463497825461544,none,50.0,76.0,,,,,,,,,,,"{'balancer': SMOTESampler(), 'classifier': LightGBMEstimator(), 'classifier__colsample_bytree': 0.673050544151107, 'classifier__learning_rate': 0.06856036353179085, 'classifier__min_child_samples': 50, 'classifier__n_estimators': 201, 'classifier__num_leaves': 76, 'classifier__reg_alpha': 0.001241597943261941, 'classifier__reg_lambda': 0.4261825957417029, 'classifier__scale_pos_weight': 2.686358139571487, 'classifier__subsample': 0.7617437131317495, 'imputer': MeanImputer(), 'normalizer': RobustScalerNorm(), 'selector': SelectKBestFilter(k=30), 'tamer__contamination': 0.014846433114002017, 'tamer__detector': 'iforest', 'tamer__mad_threshold': 2.6463497825461544, 'tamer__remediation': 'none'}",0.22655390059467193,0.21761530148357827,0.2507864531388185,0.2429958881784704,0.21562919579277567,0.23071614783766292,0.013929693299057909,92,0.6772670737222976,0.6633444153639386,0.7038622055598782,0.6972625026526137,0.6931527198132561,0.6869777834223968,0.014709336957581583,98
2.0606968879699705,0.2557181737600354,0.3933552265167236,0.09423553824585044,"FunctionSampler(func=<function _identity at 0x70fa04776fc0>, validate=False)",LightGBMEstimator(),0.6071004705871433,0.03837735168399649,,,167.0,0.0019955155827954796,6.226287361149002,2.263606814743625,0.570796981347711,KNNImputerWrapper(),ZScoreNormalizationNorm(),SelectKBestFilter(k=20),0.006581708600041678,iforest,2.983084309395479,cluster_local_median,8.0,25.0,,,,,,,,,,,"{'balancer': FunctionSampler(func=<function _identity at 0x70fa04776fc0>, validate=False), 'classifier': LightGBMEstimator(), 'classifier__colsample_bytree': 0.6071004705871433, 'classifier__learning_rate': 0.03837735168399649, 'classifier__min_child_samples': 8, 'classifier__n_estimators': 167, 'classifier__num_leaves': 25, 'classifier__reg_alpha': 0.0019955155827954796, 'classifier__reg_lambda': 6.226287361149002, 'classifier__scale_pos_weight': 2.263606814743625, 'classifier__subsample': 0.570796981347711, 'imputer': KNNImputerWrapper(), 'normalizer': ZScoreNormalizationNorm(), 'selector': SelectKBestFilter(k=20), 'tamer__contamination': 0.006581708600041678, 'tamer__detector': 'iforest', 'tamer__mad_threshold': 2.983084309395479, 'tamer__remediation': 'cluster_local_median'}",0.26298199081240675,0.2193120362601926,0.23041455824835239,0.23245606278079234,0.20953881292494503,0.23094069220533786,0.01801379503143117,89,0.6995561962912709,0.6715215392233147,0.6973261653816226,0.6876352832991441,0.6862347032609465,0.6884547774912598,0.009942614153556678,91
6.732467317581177,0.4812961408055825,0.3322739124298096,0.03224418560389409,"FunctionSampler(func=<function _identity at 0x70fa04776fc0>, validate=False)",LightGBMEstimator(),0.9888337245354282,0.04867204252954777,,,873.0,0.7330585131851048,0.38143143380764183,2.7413935323833645,0.7504933570145849,InterpolateImputer(),ZScoreNormalizationNorm(),SelectKBestFilter(k=20),0.06287315150684823,cluster,2.269100450081125,shrink,21.0,108.0,,,,,,,,,,,"{'balancer': FunctionSampler(func=<function _identity at 0x70fa04776fc0>, validate=False), 'classifier': LightGBMEstimator(), 'classifier__colsample_bytree': 0.9888337245354282, 'classifier__learning_rate': 0.04867204252954777, 'classifier__min_child_samples': 21, 'classifier__n_estimators': 873, 'classifier__num_leaves': 108, 'classifier__reg_alpha': 0.7330585131851048, 'classifier__reg_lambda': 0.38143143380764183, 'classifier__scale_pos_weight': 2.7413935323833645, 'classifier__subsample': 0.7504933570145849, 'imputer': InterpolateImputer(), 'normalizer': ZScoreNormalizationNorm(), 'selector': SelectKBestFilter(k=20), 'tamer__contamination': 0.06287315150684823, 'tamer__detector': 'cluster', 'tamer__mad_threshold': 2.269100450081125, 'tamer__remediation': 'shrink'}",0.2310290358162999,0.2479907640446678,0.24769897562158022,0.20319086316207327,0.24386567506908877,0.234755062742742,0.01694646805888823,73,0.6647161917684307,0.672724057437929,0.6825422649784254,0.665445285421235,0.6751927565961661,0.6721241112404372,0.006599976246842919,135
1.5686584949493407,0.32842482524390787,0.11171164512634277,0.005719583570845775,BorderlineSMOTESampler(),LightGBMEstimator(),0.8605392698772834,0.015637878898323083,,,154.0,0.05938862436043598,0.11778590111328825,2.8766964313921735,0.9746388141155884,InterpolateImputer(),RobustScalerNorm(),SelectKBestFilter(),0.007975593355380837,statistical,2.9529446528904675,shrink,43.0,24.0,,,,,,,,,,,"{'balancer': BorderlineSMOTESampler(), 'classifier': LightGBMEstimator(), 'classifier__colsample_bytree': 0.8605392698772834, 'classifier__learning_rate': 0.015637878898323083, 'classifier__min_child_samples': 43, 'classifier__n_estimators': 154, 'classifier__num_leaves': 24, 'classifier__reg_alpha': 0.05938862436043598, 'classifier__reg_lambda': 0.11778590111328825, 'classifier__scale_pos_weight': 2.8766964313921735, 'classifier__subsample': 0.9746388141155884, 'imputer': InterpolateImputer(), 'normalizer': RobustScalerNorm(), 'selector': SelectKBestFilter(), 'tamer__contamination': 0.007975593355380837, 'tamer__detector': 'statistical', 'tamer__mad_threshold': 2.9529446528904675, 'tamer__remediation': 'shrink'}",0.22874224700133622,0.24274523561890823,0.22903874063135496,0.2626625032750521,0.2152691232649364,0.23569156995831758,0.01604253720447768,70,0.6899098258706468,0.660437150739195,0.6939555775624249,0.718893683242555,0.6793166867086369,0.6885025848246917,0.019117445618122446,90
8.903420448303223,0.42516733498241477,0.3083194255828857,0.042940976841476165,SMOTESampler(),LightGBMEstimator(),0.632014044686155,0.06009446281385775,,,293.0,0.0021719155219168088,2.381287681335552,3.276255976132416,0.6962483563734436,ClassMeanImputer(),RobustScalerNorm(),SelectKBestFilter(k=40),0.03963182689074893,iforest,3.117188207871501,mad_replace,17.0,91.0,,,,,,,,,,,"{'balancer': SMOTESampler(), 'classifier': LightGBMEstimator(), 'classifier__colsample_bytree': 0.632014044686155, 'classifier__learning_rate': 0.06009446281385775, 'classifier__min_child_samples': 17, 'classifier__n_estimators': 293, 'classifier__num_leaves': 91, 'classifier__reg_alpha': 0.0021719155219168088, 'classifier__reg_lambda': 2.381287681335552, 'classifier__scale_pos_weight': 3.276255976132416, 'classifier__subsample': 0.6962483563734436, 'imputer': ClassMeanImputer(), 'normalizer': RobustScalerNorm(), 'selector': SelectKBestFilter(k=40), 'tamer__contamination': 0.03963182689074893, 'tamer__detector': 'iforest', 'tamer__mad_threshold': 3.117188207871501, 'tamer__remediation': 'mad_replace'}",0.21106539256886941,0.2017661159516413,0.18852997992755322,0.2261831976602821,0.19200865112957127,0.20391066744758346,0.013638756070687126,163,0.6801645183175034,0.6593407370729292,0.6816368394991866,0.6935134752776403,0.6670297800099031,0.6763370700354325,0.011943758165309673,122
3.123481035232544,0.4135044162614427,0.3167400360107422,0.04402753507015315,"FunctionSampler(func=<function _identity at 0x70fa04776fc0>, validate=False)",LightGBMEstimator(),0.5784259443108888,0.04171323866881905,,,795.0,0.09853481030769232,2.074360753975664,3.836051237698078,0.5206341949143066,InterpolateImputer(),ZScoreNormalizationNorm(),SelectKBestFilter(k=30),0.02437644418410415,statistical,3.801163741059244,percentile_clip,20.0,18.0,,,,,,,,,,,"{'balancer': FunctionSampler(func=<function _identity at 0x70fa04776fc0>, validate=False), 'classifier': LightGBMEstimator(), 'classifier__colsample_bytree': 0.5784259443108888, 'classifier__learning_rate': 0.04171323866881905, 'classifier__min_child_samples': 20, 'classifier__n_estimators': 795, 'classifier__num_leaves': 18, 'classifier__reg_alpha': 0.09853481030769232, 'classifier__reg_lambda': 2.074360753975664, 'classifier__scale_pos_weight': 3.836051237698078, 'classifier__subsample': 0.5206341949143066, 'imputer': InterpolateImputer(), 'normalizer': ZScoreNormalizationNorm(), 'selector': SelectKBestFilter(k=30), 'tamer__contamination': 0.02437644418410415, 'tamer__detector': 'statistical', 'tamer__mad_threshold': 3.801163741059244, 'tamer__remediation': 'percentile_clip'}",0.2386278108951787,0.26921607959753235,0.238109495279991,0.23040218179663963,0.1816510099380403,0.2316013155014764,0.02829512137126059,86,0.6989201718679332,0.6735445992784892,0.6882365424064512,0.6916601824998232,0.6331541345405673,0.6771031261186528,0.02347773970360423,119
8.661848831176759,0.4166274796463799,0.5239321708679199,0.09329313542624967,SMOTESampler(k_neighbors=5),LightGBMEstimator(),0.8796679106136456,0.053620079408358855,,,718.0,0.022256854377076776,3.7980634334892094,4.081285205258684,0.773914084074802,IterativeModelImputer(),RobustScalerNorm(),SelectKBestFilter(k=20),0.052057101020114696,cluster,2.196150215035472,shrink,83.0,73.0,,,,,,,,,,,"{'balancer': SMOTESampler(k_neighbors=5), 'classifier': LightGBMEstimator(), 'classifier__colsample_bytree': 0.8796679106136456, 'classifier__learning_rate': 0.053620079408358855, 'classifier__min_child_samples': 83, 'classifier__n_estimators': 718, 'classifier__num_leaves': 73, 'classifier__reg_alpha': 0.022256854377076776, 'classifier__reg_lambda': 3.7980634334892094, 'classifier__scale_pos_weight': 4.081285205258684, 'classifier__subsample': 0.773914084074802, 'imputer': IterativeModelImputer(), 'normalizer': RobustScalerNorm(), 'selector': SelectKBestFilter(k=20), 'tamer__contamination': 0.052057101020114696, 'tamer__detector': 'cluster', 'tamer__mad_threshold': 2.196150215035472, 'tamer__remediation': 'shrink'}",0.21211696209834183,0.2391209294942418,0.23318777845160538,0.21303598586505706,0.17996262124739668,0.21548485543132853,0.020742354107682437,130,0.6697549185888738,0.6518497559595388,0.6745278347598501,0.6765650420881375,0.6269647025535827,0.6599324507899965,0.018645919551903627,161
7.8964619636535645,0.6851452607159242,0.41269497871398925,0.08295344716022472,SMOTESampler(),LightGBMEstimator(),0.7267847890752305,0.02442198532025437,,,502.0,0.03290245606212754,0.17886523085153094,2.1946957855574034,0.51390485115431,MeanImputer(),ZScoreNormalizationNorm(),SelectKBestFilter(k=30),0.03412485707872576,iforest,2.6144269795124786,winsorize,36.0,40.0,,,,,,,,,,,"{'balancer': SMOTESampler(), 'classifier': LightGBMEstimator(), 'classifier__colsample_bytree': 0.7267847890752305, 'classifier__learning_rate': 0.02442198532025437, 'classifier__min_child_samples': 36, 'classifier__n_estimators': 502, 'classifier__num_leaves': 40, 'classifier__reg_alpha': 0.03290245606212754, 'classifier__reg_lambda': 0.17886523085153094, 'classifier__scale_pos_weight': 2.1946957855574034, 'classifier__subsample': 0.51390485115431, 'imputer': MeanImputer(), 'normalizer': ZScoreNormalizationNorm(), 'selector': SelectKBestFilter(k=30), 'tamer__contamination': 0.03412485707872576, 'tamer__detector': 'iforest', 'tamer__mad_threshold': 2.6144269795124786, 'tamer__remediation': 'winsorize'}",0.23531286062640833,0.22034963779407907,0.22518314853027602,0.23248345066728943,0.2028348679939301,0.22323279312239658,0.011486466091232219,112,0.6917896313885119,0.6492537313432835,0.7029638537171959,0.6863903232651906,0.6732828747258965,0.6807360828880157,0.01841148519497673,117
2.6508978843688964,0.22671426320240104,0.1042825698852539,0.011700628194591922,"FunctionSampler(func=<function _identity at 0x70fa04776fc0>, validate=False)",LightGBMEstimator(),0.9948221995071981,0.014290208660241454,,,226.0,2.071913360178148,0.2576694538756947,1.2137403100476376,0.9935348963457672,InterpolateImputer(),RobustScalerNorm(),SelectKBestFilter(k=40),0.011690379008379012,statistical,2.22710416165807,none,24.0,44.0,,,,,,,,,,,"{'balancer': FunctionSampler(func=<function _identity at 0x70fa04776fc0>, validate=False), 'classifier': LightGBMEstimator(), 'classifier__colsample_bytree': 0.9948221995071981, 'classifier__learning_rate': 0.014290208660241454, 'classifier__min_child_samples': 24, 'classifier__n_estimators': 226, 'classifier__num_leaves': 44, 'classifier__reg_alpha': 2.071913360178148, 'classifier__reg_lambda': 0.2576694538756947, 'classifier__scale_pos_weight': 1.2137403100476376, 'classifier__subsample': 0.9935348963457672, 'imputer': InterpolateImputer(), 'normalizer': RobustScalerNorm(), 'selector': SelectKBestFilter(k=40), 'tamer__contamination': 0.011690379008379012, 'tamer__detector': 'statistical', 'tamer__mad_threshold': 2.22710416165807, 'tamer__remediation': 'none'}",0.2687017782167352,0.28195458026971565,0.24703633792868415,0.2614299795747177,0.2710818479947307,0.26604090479691667,0.011560022629625598,20,0.7124462912709181,0.6933295607271699,0.7126405885265615,0.7200962014571691,0.7103770248284642,0.7097779333620565,0.008862160661198597,28
2.1685810565948485,0.07796313240469695,0.14791388511657716,0.006624129214657138,BorderlineSMOTESampler(),LightGBMEstimator(),0.8968050263066808,0.166068872100869,,,233.0,3.790573229761883,0.7951617480483539,1.0854094747499001,0.7953156054347422,MeanImputer(),ZScoreNormalizationNorm(),SelectKBestFilter(k=20),0.005649740978881311,iforest,2.397853105225738,shrink,76.0,11.0,,,,,,,,,,,"{'balancer': BorderlineSMOTESampler(), 'classifier': LightGBMEstimator(), 'classifier__colsample_bytree': 0.8968050263066808, 'classifier__learning_rate': 0.166068872100869, 'classifier__min_child_samples': 76, 'classifier__n_estimators': 233, 'classifier__num_leaves': 11, 'classifier__reg_alpha': 3.790573229761883, 'classifier__reg_lambda': 0.7951617480483539, 'classifier__scale_pos_weight': 1.0854094747499001, 'classifier__subsample': 0.7953156054347422, 'imputer': MeanImputer(), 'normalizer': ZScoreNormalizationNorm(), 'selector': SelectKBestFilter(k=20), 'tamer__contamination': 0.005649740978881311, 'tamer__detector': 'iforest', 'tamer__mad_threshold': 2.397853105225738, 'tamer__remediation': 'shrink'}",0.21118020567878354,0.25337039891491125,0.22455749624360932,0.2141719522921914,0.1687575632093879,0.21440752326777668,0.027259925003350467,132,0.6804330619629126,0.6837094150102567,0.6924877979769399,0.6736507038268373,0.6266605361816509,0.6713883029917194,0.02317109292289116,137
1.4034134864807128,0.212989281134155,0.1842219352722168,0.0333989683693233,BorderlineSMOTESampler(),LightGBMEstimator(),0.6934699578822573,0.07168342292195709,,,195.0,0.0023479825680275987,0.1335666042938682,1.1328189406432017,0.9573183371222367,IterativeModelImputer(),RobustScalerNorm(),SelectKBestFilter(k=20),0.05725850537792272,statistical,3.782161113547793,winsorize,34.0,10.0,,,,,,,,,,,"{'balancer': BorderlineSMOTESampler(), 'classifier': LightGBMEstimator(), 'classifier__colsample_bytree': 0.6934699578822573, 'classifier__learning_rate': 0.07168342292195709, 'classifier__min_child_samples': 34, 'classifier__n_estimators': 195, 'classifier__num_leaves': 10, 'classifier__reg_alpha': 0.0023479825680275987, 'classifier__reg_lambda': 0.1335666042938682, 'classifier__scale_pos_weight': 1.1328189406432017, 'classifier__subsample': 0.9573183371222367, 'imputer': IterativeModelImputer(), 'normalizer': RobustScalerNorm(), 'selector': SelectKBestFilter(k=20), 'tamer__contamination': 0.05725850537792272, 'tamer__detector': 'statistical', 'tamer__mad_threshold': 3.782161113547793, 'tamer__remediation': 'winsorize'}",0.24354245578941675,0.24529487534632535,0.226718394096623,0.242220698676077,0.21059074460529378,0.23367343370274715,0.013316864144677795,78,0.6996904681139756,0.6819056376883356,0.7008346891136733,0.7060479592558534,0.68893683242555,0.6954831173194777,0.008776773958164126,74
1.631885576248169,0.2867704880251627,0.15906710624694825,0.033383719712356756,"FunctionSampler(func=<function _identity at 0x70fa04776fc0>, validate=False)",LightGBMEstimator(),0.9034069881745146,0.20778729828235432,,,187.0,2.5277396845024973,1.6729740300462157,6.67751237173494,0.8908840623889673,IterativeModelImputer(),ZScoreNormalizationNorm(),SelectKBestFilter(k=40),0.017629148943589235,statistical,2.3210305475034865,cluster_local_median,31.0,9.0,,,,,,,,,,,"{'balancer': FunctionSampler(func=<function _identity at 0x70fa04776fc0>, validate=False), 'classifier': LightGBMEstimator(), 'classifier__colsample_bytree': 0.9034069881745146, 'classifier__learning_rate': 0.20778729828235432, 'classifier__min_child_samples': 31, 'classifier__n_estimators': 187, 'classifier__num_leaves': 9, 'classifier__reg_alpha': 2.5277396845024973, 'classifier__reg_lambda': 1.6729740300462157, 'classifier__scale_pos_weight': 6.67751237173494, 'classifier__subsample': 0.8908840623889673, 'imputer': IterativeModelImputer(), 'normalizer': ZScoreNormalizationNorm(), 'selector': SelectKBestFilter(k=40), 'tamer__contamination': 0.017629148943589235, 'tamer__detector': 'statistical', 'tamer__mad_threshold': 2.3210305475034865, 'tamer__remediation': 'cluster_local_median'}",0.22102078375605344,0.18370923469357286,0.19857963083077435,0.2271490178836577,0.18171244623830166,0.202434222680472,0.018714467274856043,165,0.6674086951605609,0.6332673127254722,0.676381127537667,0.6705312301053973,0.6477399731201811,0.6590656677298556,0.01609171746568199,163
4.920827627182007,0.2895713075459017,0.22349610328674316,0.05018565239035147,SMOTESampler(k_neighbors=5),LightGBMEstimator(),0.7385214480408743,0.09675689907696366,,,378.0,4.462760672061089,4.312150425187122,4.218796954276528,0.8399173370595712,IterativeModelImputer(),ZScoreNormalizationNorm(),SelectKBestFilter(k=40),0.0431177284146299,cluster,2.0867319039961854,none,86.0,52.0,,,,,,,,,,,"{'balancer': SMOTESampler(k_neighbors=5), 'classifier': LightGBMEstimator(), 'classifier__colsample_bytree': 0.7385214480408743, 'classifier__learning_rate': 0.09675689907696366, 'classifier__min_child_samples': 86, 'classifier__n_estimators': 378, 'classifier__num_leaves': 52, 'classifier__reg_alpha': 4.462760672061089, 'classifier__reg_lambda': 4.312150425187122, 'classifier__scale_pos_weight': 4.218796954276528, 'classifier__subsample': 0.8399173370595712, 'imputer': IterativeModelImputer(), 'normalizer': ZScoreNormalizationNorm(), 'selector': SelectKBestFilter(k=40), 'tamer__contamination': 0.0431177284146299, 'tamer__detector': 'cluster', 'tamer__mad_threshold': 2.0867319039961854, 'tamer__remediation': 'none'}",0.23050695847756797,0.2322520313269137,0.23701770204436262,0.23978535784449895,0.2186990669847934,0.23165222333562735,0.007271752187526138,85,0.6911253392130258,0.6665134045412747,0.7058781919784962,0.6910094079366201,0.6757515738841339,0.6860555835107103,0.01364732925556549,102
15.017117929458617,0.967929452466518,0.5755861759185791,0.05519773113267852,SMOTESampler(),LightGBMEstimator(),0.8296418313078565,0.01341270569245657,,,553.0,0.008077338140089405,2.9887414466329085,5.835679090413614,0.6273487473234354,InterpolateImputer(),RobustScalerNorm(),SelectKBestFilter(k=30),0.024959727351776446,iforest,3.5176688873768795,mad_replace,41.0,102.0,,,,,,,,,,,"{'balancer': SMOTESampler(), 'classifier': LightGBMEstimator(), 'classifier__colsample_bytree': 0.8296418313078565, 'classifier__learning_rate': 0.01341270569245657, 'classifier__min_child_samples': 41, 'classifier__n_estimators': 553, 'classifier__num_leaves': 102, 'classifier__reg_alpha': 0.008077338140089405, 'classifier__reg_lambda': 2.9887414466329085, 'classifier__scale_pos_weight': 5.835679090413614, 'classifier__subsample': 0.6273487473234354, 'imputer': InterpolateImputer(), 'normalizer': RobustScalerNorm(), 'selector': SelectKBestFilter(k=30), 'tamer__contamination': 0.024959727351776446, 'tamer__detector': 'iforest', 'tamer__mad_threshold': 3.5176688873768795, 'tamer__remediation': 'mad_replace'}",0.23162988412408533,0.19367805102025523,0.2229957618661546,0.2114961265988806,0.20276135473556628,0.21251223566898841,0.01361049207032609,138,0.684341078697422,0.6592417061611374,0.7095635566244607,0.6858810214331189,0.6922543679705737,0.6862563461773427,0.016203716966466355,100
13.338319873809814,1.4603675274095875,0.9525509357452393,0.07625214688356943,BorderlineSMOTESampler(),LightGBMEstimator(),0.5949878863838567,0.011420938894681142,,,571.0,0.009086470359128287,0.14115409738460002,6.346550192327991,0.8060027366939053,KNNImputerWrapper(),RobustScalerNorm(),TreeBasedSelection(),0.05520831255214732,iforest,3.7595413785485103,shrink,56.0,93.0,,,,,,,,,,,"{'balancer': BorderlineSMOTESampler(), 'classifier': LightGBMEstimator(), 'classifier__colsample_bytree': 0.5949878863838567, 'classifier__learning_rate': 0.011420938894681142, 'classifier__min_child_samples': 56, 'classifier__n_estimators': 571, 'classifier__num_leaves': 93, 'classifier__reg_alpha': 0.009086470359128287, 'classifier__reg_lambda': 0.14115409738460002, 'classifier__scale_pos_weight': 6.346550192327991, 'classifier__subsample': 0.8060027366939053, 'imputer': KNNImputerWrapper(), 'normalizer': RobustScalerNorm(), 'selector': TreeBasedSelection(), 'tamer__contamination': 0.05520831255214732, 'tamer__detector': 'iforest', 'tamer__mad_threshold': 3.7595413785485103, 'tamer__remediation': 'shrink'}",0.21263434386675265,0.20780846823257298,0.2495254349945477,0.23745370254965267,0.2348878724546235,0.2284619644196299,0.015766381439304117,100,0.6957329828132067,0.6639103062884629,0.7085944684162128,0.7063733465374549,0.69289806889722,0.6935018345905115,0.015965365753730677,77
1.216359281539917,0.22795051406958883,0.27711095809936526,0.044835650799105155,"FunctionSampler(func=<function _identity at 0x70fa04776fc0>, validate=False)",LightGBMEstimator(),0.552869910761016,0.03641298501298919,,,284.0,0.004158574591159523,0.611457911596395,1.6594730485153597,0.7361157264858587,KNNImputerWrapper(),RobustScalerNorm(),SelectKBestFilter(k=20),0.03525549775578917,statistical,2.922692842432661,none,18.0,25.0,,,,,,,,,,,"{'balancer': FunctionSampler(func=<function _identity at 0x70fa04776fc0>, validate=False), 'classifier': LightGBMEstimator(), 'classifier__colsample_bytree': 0.552869910761016, 'classifier__learning_rate': 0.03641298501298919, 'classifier__min_child_samples': 18, 'classifier__n_estimators': 284, 'classifier__num_leaves': 25, 'classifier__reg_alpha': 0.004158574591159523, 'classifier__reg_lambda': 0.611457911596395, 'classifier__scale_pos_weight': 1.6594730485153597, 'classifier__subsample': 0.7361157264858587, 'imputer': KNNImputerWrapper(), 'normalizer': RobustScalerNorm(), 'selector': SelectKBestFilter(k=20), 'tamer__contamination': 0.03525549775578917, 'tamer__detector': 'statistical', 'tamer__mad_threshold': 2.922692842432661, 'tamer__remediation': 'none'}",0.2625899272825247,0.2589780760251607,0.23593646115170994,0.2438449734999574,0.21594713670862606,0.2434593149335958,0.016855113686344583,51,0.7096619176843058,0.677159227558888,0.69164603522671,0.7161491122586121,0.688682181509514,0.6966596948476059,0.014268433102815626,69
3.0521376609802244,0.19330795576625398,0.4781644821166992,0.08051527006275862,SMOTESampler(k_neighbors=5),LightGBMEstimator(),0.5044186621263026,0.06322821802514456,,,660.0,0.12892146048373798,8.271892428638097,3.3199352617220814,0.777675179251933,KNNImputerWrapper(),ZScoreNormalizationNorm(),SelectKBestFilter(k=30),0.07986565990169733,cluster,3.210659818030911,cluster_local_median,46.0,12.0,,,,,,,,,,,"{'balancer': SMOTESampler(k_neighbors=5), 'classifier': LightGBMEstimator(), 'classifier__colsample_bytree': 0.5044186621263026, 'classifier__learning_rate': 0.06322821802514456, 'classifier__min_child_samples': 46, 'classifier__n_estimators': 660, 'classifier__num_leaves': 12, 'classifier__reg_alpha': 0.12892146048373798, 'classifier__reg_lambda': 8.271892428638097, 'classifier__scale_pos_weight': 3.3199352617220814, 'classifier__subsample': 0.777675179251933, 'imputer': KNNImputerWrapper(), 'normalizer': ZScoreNormalizationNorm(), 'selector': SelectKBestFilter(k=30), 'tamer__contamination': 0.07986565990169733, 'tamer__detector': 'cluster', 'tamer__mad_threshold': 3.210659818030911, 'tamer__remediation': 'cluster_local_median'}",0.19862352394380162,0.20769882662173136,0.19606863239862532,0.21489151458170302,0.18585680280766334,0.2006278600707049,0.009964320959487112,169,0.6682637946630483,0.649961094998939,0.701393506401641,0.6808728867510788,0.6719459574167079,0.674487448046283,0.016801457279250892,126
7.076562023162841,0.8567282912489721,0.4467334747314453,0.05637281609701113,SMOTESampler(k_neighbors=5),LightGBMEstimator(),0.8837477567675884,0.11686472079238701,,,318.0,0.5160439797558536,0.7504043830121321,3.035440583688296,0.7072457781839372,IterativeModelImputer(),RobustScalerNorm(),TreeBasedSelection(),0.014478952806247664,cluster,3.4547791209037175,percentile_clip,14.0,37.0,,,,,,,,,,,"{'balancer': SMOTESampler(k_neighbors=5), 'classifier': LightGBMEstimator(), 'classifier__colsample_bytree': 0.8837477567675884, 'classifier__learning_rate': 0.11686472079238701, 'classifier__min_child_samples': 14, 'classifier__n_estimators': 318, 'classifier__num_leaves': 37, 'classifier__reg_alpha': 0.5160439797558536, 'classifier__reg_lambda': 0.7504043830121321, 'classifier__scale_pos_weight': 3.035440583688296, 'classifier__subsample': 0.7072457781839372, 'imputer': IterativeModelImputer(), 'normalizer': RobustScalerNorm(), 'selector': TreeBasedSelection(), 'tamer__contamination': 0.014478952806247664, 'tamer__detector': 'cluster', 'tamer__mad_threshold': 3.4547791209037175, 'tamer__remediation': 'percentile_clip'}",0.21462953981996108,0.2333121384922464,0.2455968742445974,0.23283587976990208,0.2144535231287008,0.22816559109108153,0.012028247342762383,101,0.6562358661239257,0.673799250194525,0.688158732404329,0.699207752705666,0.6632948999080427,0.6761393002672977,0.01576845834207912,124
1.5110768795013427,0.3021860845294098,0.15802369117736817,0.06706530102958728,SMOTESampler(k_neighbors=5),LightGBMEstimator(),0.9325451913415612,0.027967213374518185,,,164.0,0.1569435565593017,1.3638568513945177,2.4938805416081307,0.5965543837312728,ClassMeanImputer(),RobustScalerNorm(),SelectKBestFilter(k=20),0.008329615127297046,cluster,3.6178631617212376,shrink,94.0,8.0,,,,,,,,,,,"{'balancer': SMOTESampler(k_neighbors=5), 'classifier': LightGBMEstimator(), 'classifier__colsample_bytree': 0.9325451913415612, 'classifier__learning_rate': 0.027967213374518185, 'classifier__min_child_samples': 94, 'classifier__n_estimators': 164, 'classifier__num_leaves': 8, 'classifier__reg_alpha': 0.1569435565593017, 'classifier__reg_lambda': 1.3638568513945177, 'classifier__scale_pos_weight': 2.4938805416081307, 'classifier__subsample': 0.5965543837312728, 'imputer': ClassMeanImputer(), 'normalizer': RobustScalerNorm(), 'selector': SelectKBestFilter(k=20), 'tamer__contamination': 0.008329615127297046, 'tamer__detector': 'cluster', 'tamer__mad_threshold': 3.6178631617212376, 'tamer__remediation': 'shrink'}",0.26758714674198314,0.22342268920068592,0.22525611587660438,0.2548910654425129,0.24050437851438397,0.24233227915523403,0.017017876572323357,55,0.6970050316598825,0.678397113956285,0.7219919360543257,0.7197212987196718,0.7012095918511706,0.7036649944482671,0.016015814598710838,46
2.6008590698242187,0.387133208274841,0.17547245025634767,0.03924408295635075,SMOTESampler(),LightGBMEstimator(),0.8109428258229563,0.0189544970472077,,,210.0,1.3651758391736515,4.298327236980435,9.351664922959316,0.843082238018342,IterativeModelImputer(),RobustScalerNorm(),SelectKBestFilter(k=20),0.09467238795161569,cluster,3.955387423453444,cluster_local_median,13.0,30.0,,,,,,,,,,,"{'balancer': SMOTESampler(), 'classifier': LightGBMEstimator(), 'classifier__colsample_bytree': 0.8109428258229563, 'classifier__learning_rate': 0.0189544970472077, 'classifier__min_child_samples': 13, 'classifier__n_estimators': 210, 'classifier__num_leaves': 30, 'classifier__reg_alpha': 1.3651758391736515, 'classifier__reg_lambda': 4.298327236980435, 'classifier__scale_pos_weight': 9.351664922959316, 'classifier__subsample': 0.843082238018342, 'imputer': IterativeModelImputer(), 'normalizer': RobustScalerNorm(), 'selector': SelectKBestFilter(k=20), 'tamer__contamination': 0.09467238795161569, 'tamer__detector': 'cluster', 'tamer__mad_threshold': 3.955387423453444, 'tamer__remediation': 'cluster_local_median'}",0.2477473659139693,0.20327023599682623,0.2324601435063981,0.26143987472014074,0.21235390104878105,0.23145430423722307,0.021562825015123074,87,0.6912666779737674,0.6698309400862983,0.714012874018533,0.6904788851948789,0.6857466223385442,0.6902671999224044,0.01416317155929302,86
4.839396572113037,0.3362446223269815,0.3269659996032715,0.08615750886216647,BorderlineSMOTESampler(),LightGBMEstimator(),0.5276955870973624,0.08507107192930727,,,521.0,1.516731053041122,1.9462190778393202,1.4982916030686901,0.983796531464325,MeanImputer(),ZScoreNormalizationNorm(),SelectKBestFilter(k=20),0.01630939021839576,statistical,3.346722127815025,shrink,8.0,128.0,,,,,,,,,,,"{'balancer': BorderlineSMOTESampler(), 'classifier': LightGBMEstimator(), 'classifier__colsample_bytree': 0.5276955870973624, 'classifier__learning_rate': 0.08507107192930727, 'classifier__min_child_samples': 8, 'classifier__n_estimators': 521, 'classifier__num_leaves': 128, 'classifier__reg_alpha': 1.516731053041122, 'classifier__reg_lambda': 1.9462190778393202, 'classifier__scale_pos_weight': 1.4982916030686901, 'classifier__subsample': 0.983796531464325, 'imputer': MeanImputer(), 'normalizer': ZScoreNormalizationNorm(), 'selector': SelectKBestFilter(k=20), 'tamer__contamination': 0.01630939021839576, 'tamer__detector': 'statistical', 'tamer__mad_threshold': 3.346722127815025, 'tamer__remediation': 'shrink'}",0.2465410879954913,0.2148008342710161,0.21935298811914677,0.21844875536526062,0.18336661582472324,0.2165020563151276,0.02007542002834984,123,0.6886519109000452,0.6728796774421729,0.700268798189149,0.6951687062318738,0.6561646742590366,0.6826267534044554,0.01612508586191031,110
1.3206196784973145,0.20289781763710235,0.1914680004119873,0.036781746606716965,SMOTESampler(k_neighbors=5),LightGBMEstimator(),0.8243538636821166,0.2910054037352737,,,345.0,0.01052010466818537,1.1426641994897873,5.956566348518964,0.8508726680757995,InterpolateImputer(),ZScoreNormalizationNorm(),SelectKBestFilter(),0.02732181447181468,statistical,3.888843699624351,winsorize,54.0,10.0,,,,,,,,,,,"{'balancer': SMOTESampler(k_neighbors=5), 'classifier': LightGBMEstimator(), 'classifier__colsample_bytree': 0.8243538636821166, 'classifier__learning_rate': 0.2910054037352737, 'classifier__min_child_samples': 54, 'classifier__n_estimators': 345, 'classifier__num_leaves': 10, 'classifier__reg_alpha': 0.01052010466818537, 'classifier__reg_lambda': 1.1426641994897873, 'classifier__scale_pos_weight': 5.956566348518964, 'classifier__subsample': 0.8508726680757995, 'imputer': InterpolateImputer(), 'normalizer': ZScoreNormalizationNorm(), 'selector': SelectKBestFilter(), 'tamer__contamination': 0.02732181447181468, 'tamer__detector': 'statistical', 'tamer__mad_threshold': 3.888843699624351, 'tamer__remediation': 'winsorize'}",0.18871807741227795,0.19018388385871732,0.19398307234938483,0.22765774732949293,0.18201165291616744,0.1965108867732081,0.016046827688554956,174,0.6371763342379014,0.6225295324326237,0.6495366768055458,0.6765721157246942,0.6109287684798754,0.6393486855361281,0.02273619857353071,179
6.833791875839234,1.1197141432382203,0.40644235610961915,0.06375349720885107,"FunctionSampler(func=<function _identity at 0x70fa04776fc0>, validate=False)",LightGBMEstimator(),0.9350295112638599,0.012108004472242957,,,610.0,0.11740693834638682,2.717308820348889,6.867813804515195,0.5395028963352457,ClassMeanImputer(),RobustScalerNorm(),SelectKBestFilter(k=30),0.13878679708803893,statistical,3.4892378228645122,mad_replace,14.0,47.0,,,,,,,,,,,"{'balancer': FunctionSampler(func=<function _identity at 0x70fa04776fc0>, validate=False), 'classifier': LightGBMEstimator(), 'classifier__colsample_bytree': 0.9350295112638599, 'classifier__learning_rate': 0.012108004472242957, 'classifier__min_child_samples': 14, 'classifier__n_estimators': 610, 'classifier__num_leaves': 47, 'classifier__reg_alpha': 0.11740693834638682, 'classifier__reg_lambda': 2.717308820348889, 'classifier__scale_pos_weight': 6.867813804515195, 'classifier__subsample': 0.5395028963352457, 'imputer': ClassMeanImputer(), 'normalizer': RobustScalerNorm(), 'selector': SelectKBestFilter(k=30), 'tamer__contamination': 0.13878679708803893, 'tamer__detector': 'statistical', 'tamer__mad_threshold': 3.4892378228645122, 'tamer__remediation': 'mad_replace'}",0.21795521265559498,0.20586689004373354,0.21898272226714574,0.22587778688123644,0.187230881219435,0.21118269861342914,0.0135985316256823,145,0.6848216304839437,0.6596307561717478,0.701697672773573,0.6965197708141755,0.6679210582160289,0.6821181776918938,0.0161574348035126,112
3.604573392868042,0.11413195024799432,0.21818337440490723,0.044700631667299554,BorderlineSMOTESampler(),LightGBMEstimator(),0.9086297137757269,0.040047009991833915,,,308.0,0.18473268087136435,7.1239776349684325,3.5103064586156494,0.6381491217768406,ClassMeanImputer(),RobustScalerNorm(),SelectKBestFilter(),0.007654616079655497,cluster,3.0608729663099874,mad_replace,7.0,69.0,,,,,,,,,,,"{'balancer': BorderlineSMOTESampler(), 'classifier': LightGBMEstimator(), 'classifier__colsample_bytree': 0.9086297137757269, 'classifier__learning_rate': 0.040047009991833915, 'classifier__min_child_samples': 7, 'classifier__n_estimators': 308, 'classifier__num_leaves': 69, 'classifier__reg_alpha': 0.18473268087136435, 'classifier__reg_lambda': 7.1239776349684325, 'classifier__scale_pos_weight': 3.5103064586156494, 'classifier__subsample': 0.6381491217768406, 'imputer': ClassMeanImputer(), 'normalizer': RobustScalerNorm(), 'selector': SelectKBestFilter(), 'tamer__contamination': 0.007654616079655497, 'tamer__detector': 'cluster', 'tamer__mad_threshold': 3.0608729663099874, 'tamer__remediation': 'mad_replace'}",0.19704398634268575,0.1626525193678639,0.18062413918648657,0.22749499888344227,0.18167309443364776,0.18989774764282524,0.02172818090118418,184,0.6546670058796924,0.6183207186814741,0.631668670863691,0.6741529320223527,0.6162410695338474,0.6390100793962116,0.02227345134347223,180
1.668498659133911,0.33903196760209753,0.3597719669342041,0.0658115487032255,"FunctionSampler(func=<function _identity at 0x70fa04776fc0>, validate=False)",LightGBMEstimator(),0.7087048321954793,0.03283325757870011,,,256.0,0.4292861364041618,9.856240841288363,1.7360460385813183,0.7317020977769664,KNNImputerWrapper(),ZScoreNormalizationNorm(),SelectKBestFilter(),0.09805181615961295,iforest,3.0071923205170537,mad_replace,6.0,13.0,,,,,,,,,,,"{'balancer': FunctionSampler(func=<function _identity at 0x70fa04776fc0>, validate=False), 'classifier': LightGBMEstimator(), 'classifier__colsample_bytree': 0.7087048321954793, 'classifier__learning_rate': 0.03283325757870011, 'classifier__min_child_samples': 6, 'classifier__n_estimators': 256, 'classifier__num_leaves': 13, 'classifier__reg_alpha': 0.4292861364041618, 'classifier__reg_lambda': 9.856240841288363, 'classifier__scale_pos_weight': 1.7360460385813183, 'classifier__subsample': 0.7317020977769664, 'imputer': KNNImputerWrapper(), 'normalizer': ZScoreNormalizationNorm(), 'selector': SelectKBestFilter(), 'tamer__contamination': 0.09805181615961295, 'tamer__detector': 'iforest', 'tamer__mad_threshold': 3.0071923205170537, 'tamer__remediation': 'mad_replace'}",0.24446266406706343,0.20542881270012692,0.22268543378030375,0.2629745905308578,0.23069663837155774,0.23324962788998196,0.019500888671064278,80,0.6995208616010855,0.6624460635212563,0.6883921624106955,0.7110419466647805,0.6977788781212421,0.691835982463812,0.016363811713941988,82
6.412631416320801,0.24327239598366107,0.4188427448272705,0.04816754654665174,"FunctionSampler(func=<function _identity at 0x70fa04776fc0>, validate=False)",LightGBMEstimator(),0.8676594553715458,0.016893383805838255,,,331.0,0.0051134089145976735,2.6339868974144824,1.1799061737958796,0.9823061162469884,MeanImputer(),RobustScalerNorm(),TreeBasedSelection(),0.010001722510134186,iforest,3.6492965476263235,cluster_local_median,15.0,44.0,,,,,,,,,,,"{'balancer': FunctionSampler(func=<function _identity at 0x70fa04776fc0>, validate=False), 'classifier': LightGBMEstimator(), 'classifier__colsample_bytree': 0.8676594553715458, 'classifier__learning_rate': 0.016893383805838255, 'classifier__min_child_samples': 15, 'classifier__n_estimators': 331, 'classifier__num_leaves': 44, 'classifier__reg_alpha': 0.0051134089145976735, 'classifier__reg_lambda': 2.6339868974144824, 'classifier__scale_pos_weight': 1.1799061737958796, 'classifier__subsample': 0.9823061162469884, 'imputer': MeanImputer(), 'normalizer': RobustScalerNorm(), 'selector': TreeBasedSelection(), 'tamer__contamination': 0.010001722510134186, 'tamer__detector': 'iforest', 'tamer__mad_threshold': 3.6492965476263235, 'tamer__remediation': 'cluster_local_median'}",0.2647876921836489,0.24006345006386293,0.249468546137381,0.24680727519267856,0.21957142779166616,0.2441396782738475,0.01471100236301243,46,0.7152589326096788,0.6624885053405956,0.7162339958972908,0.708021503855132,0.6901959397326166,0.6984397754870628,0.02025725794836522,64
1.8824624061584472,0.10518017089438658,0.20677857398986815,0.05472804357375274,BorderlineSMOTESampler(),LightGBMEstimator(),0.5612448787390963,0.021874539023757304,,,104.0,1.734454760156491,3.6021427026630284,4.334556170413905,0.8982089383368556,ClassMeanImputer(),RobustScalerNorm(),SelectKBestFilter(k=30),0.08933765563470135,cluster,2.542335106252233,winsorize,59.0,28.0,,,,,,,,,,,"{'balancer': BorderlineSMOTESampler(), 'classifier': LightGBMEstimator(), 'classifier__colsample_bytree': 0.5612448787390963, 'classifier__learning_rate': 0.021874539023757304, 'classifier__min_child_samples': 59, 'classifier__n_estimators': 104, 'classifier__num_leaves': 28, 'classifier__reg_alpha': 1.734454760156491, 'classifier__reg_lambda': 3.6021427026630284, 'classifier__scale_pos_weight': 4.334556170413905, 'classifier__subsample': 0.8982089383368556, 'imputer': ClassMeanImputer(), 'normalizer': RobustScalerNorm(), 'selector': SelectKBestFilter(k=30), 'tamer__contamination': 0.08933765563470135, 'tamer__detector': 'cluster', 'tamer__mad_threshold': 2.542335106252233, 'tamer__remediation': 'winsorize'}",0.25388884982600146,0.22920618147062913,0.26639385038229096,0.2579306484649708,0.2655439797780172,0.25459270198438194,0.013530042920746145,28,0.7097184531886024,0.672943340171182,0.7382895946806254,0.7167574450024757,0.7184834123222748,0.7112384490730319,0.02137072315355075,25
8.850129652023316,1.271578543413091,0.3878475189208984,0.04627448759410202,BorderlineSMOTESampler(),LightGBMEstimator(),0.9194347632774553,0.01048719836410133,,,412.0,0.0013524779066839052,0.3082290487479458,7.127777727640406,0.9254196862521455,IterativeModelImputer(),RobustScalerNorm(),TreeBasedSelection(),0.009698481822912912,statistical,2.769590547305766,none,10.0,31.0,,,,,,,,,,,"{'balancer': BorderlineSMOTESampler(), 'classifier': LightGBMEstimator(), 'classifier__colsample_bytree': 0.9194347632774553, 'classifier__learning_rate': 0.01048719836410133, 'classifier__min_child_samples': 10, 'classifier__n_estimators': 412, 'classifier__num_leaves': 31, 'classifier__reg_alpha': 0.0013524779066839052, 'classifier__reg_lambda': 0.3082290487479458, 'classifier__scale_pos_weight': 7.127777727640406, 'classifier__subsample': 0.9254196862521455, 'imputer': IterativeModelImputer(), 'normalizer': RobustScalerNorm(), 'selector': TreeBasedSelection(), 'tamer__contamination': 0.009698481822912912, 'tamer__detector': 'statistical', 'tamer__mad_threshold': 2.769590547305766, 'tamer__remediation': 'none'}",0.2600534553988424,0.20502891481583957,0.27790979514408976,0.24755063368279068,0.23335581213170659,0.24477972223465377,0.024694934778195583,45,0.707336895070104,0.645823017613355,0.7189502723350074,0.7005305227417417,0.678998373063592,0.69032781616476,0.025774725445698456,85
1.8967919826507569,0.43985604016449187,0.14046363830566405,0.061442524229118736,SMOTESampler(),LightGBMEstimator(),0.7894021799282622,0.11154410479876829,,,270.0,0.018761985507788518,1.347551212015448,4.5569132430472825,0.5761410036875463,ClassMeanImputer(),RobustScalerNorm(),SelectKBestFilter(k=20),0.12643702923801167,cluster,2.710831325262486,mad_replace,96.0,12.0,,,,,,,,,,,"{'balancer': SMOTESampler(), 'classifier': LightGBMEstimator(), 'classifier__colsample_bytree': 0.7894021799282622, 'classifier__learning_rate': 0.11154410479876829, 'classifier__min_child_samples': 96, 'classifier__n_estimators': 270, 'classifier__num_leaves': 12, 'classifier__reg_alpha': 0.018761985507788518, 'classifier__reg_lambda': 1.347551212015448, 'classifier__scale_pos_weight': 4.5569132430472825, 'classifier__subsample': 0.5761410036875463, 'imputer': ClassMeanImputer(), 'normalizer': RobustScalerNorm(), 'selector': SelectKBestFilter(k=20), 'tamer__contamination': 0.12643702923801167, 'tamer__detector': 'cluster', 'tamer__mad_threshold': 2.710831325262486, 'tamer__remediation': 'mad_replace'}",0.20239682410144652,0.17229404117092117,0.20170310459624152,0.19076080404003076,0.20928723479960312,0.1952884017416486,0.012937427620255869,177,0.6565538783355948,0.6359623682535192,0.6895946806253094,0.661010115300276,0.6612364716700856,0.660871502836957,0.017113037281301206,157
7.859184122085571,0.6305232201495358,0.29547505378723143,0.0878065540572785,SMOTESampler(),LightGBMEstimator(),0.7174828673958814,0.14600995180308093,,,356.0,0.46020140394394105,6.402508533944792,1.9541317712376898,0.9123094102646672,InterpolateImputer(),ZScoreNormalizationNorm(),SelectKBestFilter(k=40),0.005061294813177981,iforest,3.585446960941303,none,12.0,49.0,,,,,,,,,,,"{'balancer': SMOTESampler(), 'classifier': LightGBMEstimator(), 'classifier__colsample_bytree': 0.7174828673958814, 'classifier__learning_rate': 0.14600995180308093, 'classifier__min_child_samples': 12, 'classifier__n_estimators': 356, 'classifier__num_leaves': 49, 'classifier__reg_alpha': 0.46020140394394105, 'classifier__reg_lambda': 6.402508533944792, 'classifier__scale_pos_weight': 1.9541317712376898, 'classifier__subsample': 0.9123094102646672, 'imputer': InterpolateImputer(), 'normalizer': ZScoreNormalizationNorm(), 'selector': SelectKBestFilter(k=40), 'tamer__contamination': 0.005061294813177981, 'tamer__detector': 'iforest', 'tamer__mad_threshold': 3.585446960941303, 'tamer__remediation': 'none'}",0.24589965113175177,0.23036319622505358,0.23149811964981098,0.2252491229301755,0.19601112429687623,0.2258042428467336,0.0164010231031086,109,0.6946234735413839,0.6923038834264694,0.6880172596731979,0.6793591285279762,0.65511070241211,0.6818828895162274,0.014364327095035068,114
6.520693302154541,0.47018827750702763,0.8027799606323243,0.10633730040642737,BorderlineSMOTESampler(),LightGBMEstimator(),0.7626851976906388,0.23605977581592685,,,682.0,0.06154486529138456,0.18777390856427834,8.561053339472357,0.91862578666701,KNNImputerWrapper(),ZScoreNormalizationNorm(),TreeBasedSelection(),0.022088891136815145,iforest,3.722753272718151,percentile_clip,61.0,116.0,,,,,,,,,,,"{'balancer': BorderlineSMOTESampler(), 'classifier': LightGBMEstimator(), 'classifier__colsample_bytree': 0.7626851976906388, 'classifier__learning_rate': 0.23605977581592685, 'classifier__min_child_samples': 61, 'classifier__n_estimators': 682, 'classifier__num_leaves': 116, 'classifier__reg_alpha': 0.06154486529138456, 'classifier__reg_lambda': 0.18777390856427834, 'classifier__scale_pos_weight': 8.561053339472357, 'classifier__subsample': 0.91862578666701, 'imputer': KNNImputerWrapper(), 'normalizer': ZScoreNormalizationNorm(), 'selector': TreeBasedSelection(), 'tamer__contamination': 0.022088891136815145, 'tamer__detector': 'iforest', 'tamer__mad_threshold': 3.722753272718151, 'tamer__remediation': 'percentile_clip'}",0.2369965509528975,0.2257584800348758,0.22854849699952087,0.25326439633169706,0.20559138561399937,0.23003186198659814,0.015530979330378654,94,0.6778253618272276,0.6507604159298295,0.6801513758223102,0.6921907052415647,0.674259036570701,0.6750373790783266,0.01355093477027129,125
2.6094832897186278,0.28356453293045314,0.36852712631225587,0.06726504062533838,SMOTESampler(),LightGBMEstimator(),0.7734720666956427,0.07786701239622344,,,127.0,0.04168661526395059,0.47248421684307046,1.9042174849537143,0.5624427545249087,IterativeModelImputer(),ZScoreNormalizationNorm(),TreeBasedSelection(),0.13165325697475694,cluster,2.059831675165168,winsorize,11.0,11.0,,,,,,,,,,,"{'balancer': SMOTESampler(), 'classifier': LightGBMEstimator(), 'classifier__colsample_bytree': 0.7734720666956427, 'classifier__learning_rate': 0.07786701239622344, 'classifier__min_child_samples': 11, 'classifier__n_estimators': 127, 'classifier__num_leaves': 11, 'classifier__reg_alpha': 0.04168661526395059, 'classifier__reg_lambda': 0.47248421684307046, 'classifier__scale_pos_weight': 1.9042174849537143, 'classifier__subsample': 0.5624427545249087, 'imputer': IterativeModelImputer(), 'normalizer': ZScoreNormalizationNorm(), 'selector': TreeBasedSelection(), 'tamer__contamination': 0.13165325697475694, 'tamer__detector': 'cluster', 'tamer__mad_threshold': 2.059831675165168, 'tamer__remediation': 'winsorize'}",0.2254821895340606,0.23296119958861378,0.2274829658026444,0.25633446454518016,0.21710338717227606,0.23187284132855498,0.013249933944441095,83,0.6842562754409769,0.6674329772936266,0.7004031972837236,0.7013722854919715,0.6848553441324186,0.6876640159285434,0.012481984239376548,94
8.17761549949646,0.3852528295802732,0.4067863464355469,0.06252746979578568,SMOTESampler(k_neighbors=5),LightGBMEstimator(),0.9452226850852055,0.03412121278695216,,,280.0,0.35204252609135284,0.32668536740712717,1.5627847747257846,0.8721246556535808,InterpolateImputer(),ZScoreNormalizationNorm(),TreeBasedSelection(),0.007173731229243936,iforest,3.5353009854140574,none,68.0,60.0,,,,,,,,,,,"{'balancer': SMOTESampler(k_neighbors=5), 'classifier': LightGBMEstimator(), 'classifier__colsample_bytree': 0.9452226850852055, 'classifier__learning_rate': 0.03412121278695216, 'classifier__min_child_samples': 68, 'classifier__n_estimators': 280, 'classifier__num_leaves': 60, 'classifier__reg_alpha': 0.35204252609135284, 'classifier__reg_lambda': 0.32668536740712717, 'classifier__scale_pos_weight': 1.5627847747257846, 'classifier__subsample': 0.8721246556535808, 'imputer': InterpolateImputer(), 'normalizer': ZScoreNormalizationNorm(), 'selector': TreeBasedSelection(), 'tamer__contamination': 0.007173731229243936, 'tamer__detector': 'iforest', 'tamer__mad_threshold': 3.5353009854140574, 'tamer__remediation': 'none'}",0.26413187166291785,0.2726044538508397,0.2719061847222477,0.2556965992478412,0.20780369399866871,0.25442856069650305,0.024105894688281518,29,0.7015561397557666,0.6745773502157459,0.7197212987196718,0.702978000990309,0.6678220273042371,0.6933309633971462,0.019285084842122723,78
5.796147060394287,0.6471467098929286,0.34301233291625977,0.07408768616019952,"FunctionSampler(func=<function _identity at 0x70fa04776fc0>, validate=False)",LightGBMEstimator(),0.8363529790430645,0.020438446417131412,,,244.0,0.07502888110081946,0.16553991456784067,1.0789092017972652,0.743014638499757,MeanImputer(),RobustScalerNorm(),TreeBasedSelection(),0.029255891027650277,cluster,3.970909260120634,cluster_local_median,10.0,65.0,,,,,,,,,,,"{'balancer': FunctionSampler(func=<function _identity at 0x70fa04776fc0>, validate=False), 'classifier': LightGBMEstimator(), 'classifier__colsample_bytree': 0.8363529790430645, 'classifier__learning_rate': 0.020438446417131412, 'classifier__min_child_samples': 10, 'classifier__n_estimators': 244, 'classifier__num_leaves': 65, 'classifier__reg_alpha': 0.07502888110081946, 'classifier__reg_lambda': 0.16553991456784067, 'classifier__scale_pos_weight': 1.0789092017972652, 'classifier__subsample': 0.743014638499757, 'imputer': MeanImputer(), 'normalizer': RobustScalerNorm(), 'selector': TreeBasedSelection(), 'tamer__contamination': 0.029255891027650277, 'tamer__detector': 'cluster', 'tamer__mad_threshold': 3.970909260120634, 'tamer__remediation': 'cluster_local_median'}",0.27030357762587387,0.24047103665716696,0.253388137615881,0.24033831551930235,0.21513765318372444,0.2439277441203897,0.018104617082438473,48,0.7195061623699683,0.6657989672490628,0.7252741034165665,0.7047747046756738,0.6873311169272124,0.7005370109276968,0.021775388926561477,55
6.96385235786438,0.4577347207923856,0.5766506671905518,0.12540813487177455,SMOTESampler(k_neighbors=5),LightGBMEstimator(),0.5384274186098891,0.03080024325628696,,,972.0,0.005843160400812882,9.168500886974169,4.756635255345671,0.6660665448122692,KNNImputerWrapper(),ZScoreNormalizationNorm(),SelectKBestFilter(k=40),0.03181362046713866,cluster,2.765636935501667,cluster_local_median,73.0,14.0,,,,,,,,,,,"{'balancer': SMOTESampler(k_neighbors=5), 'classifier': LightGBMEstimator(), 'classifier__colsample_bytree': 0.5384274186098891, 'classifier__learning_rate': 0.03080024325628696, 'classifier__min_child_samples': 73, 'classifier__n_estimators': 972, 'classifier__num_leaves': 14, 'classifier__reg_alpha': 0.005843160400812882, 'classifier__reg_lambda': 9.168500886974169, 'classifier__scale_pos_weight': 4.756635255345671, 'classifier__subsample': 0.6660665448122692, 'imputer': KNNImputerWrapper(), 'normalizer': ZScoreNormalizationNorm(), 'selector': SelectKBestFilter(k=40), 'tamer__contamination': 0.03181362046713866, 'tamer__detector': 'cluster', 'tamer__mad_threshold': 2.765636935501667, 'tamer__remediation': 'cluster_local_median'}",0.2127824338448498,0.1950753692323305,0.20270936332919942,0.239587456420187,0.1860884272725218,0.2072486100198177,0.018400924315482424,157,0.6584407507914971,0.6644691235764306,0.6988611445143948,0.6934922543679705,0.6660536181650986,0.6762633782830783,0.016543777720033813,123
2.728977584838867,0.17996935925383356,0.48513040542602537,0.09053054888875299,SMOTESampler(k_neighbors=5),LightGBMEstimator(),0.6528769707367494,0.19490219380918164,,,848.0,0.2862593300152976,0.8985240079922413,8.016656740946024,0.8109574953064078,KNNImputerWrapper(),RobustScalerNorm(),SelectKBestFilter(),0.028311515967415966,iforest,3.245367258191063,percentile_clip,29.0,10.0,,,,,,,,,,,"{'balancer': SMOTESampler(k_neighbors=5), 'classifier': LightGBMEstimator(), 'classifier__colsample_bytree': 0.6528769707367494, 'classifier__learning_rate': 0.19490219380918164, 'classifier__min_child_samples': 29, 'classifier__n_estimators': 848, 'classifier__num_leaves': 10, 'classifier__reg_alpha': 0.2862593300152976, 'classifier__reg_lambda': 0.8985240079922413, 'classifier__scale_pos_weight': 8.016656740946024, 'classifier__subsample': 0.8109574953064078, 'imputer': KNNImputerWrapper(), 'normalizer': RobustScalerNorm(), 'selector': SelectKBestFilter(), 'tamer__contamination': 0.028311515967415966, 'tamer__detector': 'iforest', 'tamer__mad_threshold': 3.245367258191063, 'tamer__remediation': 'percentile_clip'}",0.17397280943591373,0.17316344575026787,0.18827760910696806,0.21459429755939574,0.16898472203769924,0.18379857677804892,0.016718493695032467,192,0.6260035052012664,0.612789134894249,0.6304449317394073,0.6630968380844593,0.6097899129942703,0.6284248645827304,0.018993824589438473,189
2.265084981918335,0.32263916532249237,0.21137380599975586,0.03089209186956288,"FunctionSampler(func=<function _identity at 0x70fa04776fc0>, validate=False)",LightGBMEstimator(),0.6752443271979738,0.2155034055371535,,,454.0,0.0028402027717366737,5.282695686161118,1.4364745011505098,0.7837674975963176,ClassMeanImputer(),ZScoreNormalizationNorm(),SelectKBestFilter(k=40),0.01066523219102163,statistical,2.6771525676432315,winsorize,48.0,14.0,,,,,,,,,,,"{'balancer': FunctionSampler(func=<function _identity at 0x70fa04776fc0>, validate=False), 'classifier': LightGBMEstimator(), 'classifier__colsample_bytree': 0.6752443271979738, 'classifier__learning_rate': 0.2155034055371535, 'classifier__min_child_samples': 48, 'classifier__n_estimators': 454, 'classifier__num_leaves': 14, 'classifier__reg_alpha': 0.0028402027717366737, 'classifier__reg_lambda': 5.282695686161118, 'classifier__scale_pos_weight': 1.4364745011505098, 'classifier__subsample': 0.7837674975963176, 'imputer': ClassMeanImputer(), 'normalizer': ZScoreNormalizationNorm(), 'selector': SelectKBestFilter(k=40), 'tamer__contamination': 0.01066523219102163, 'tamer__detector': 'statistical', 'tamer__mad_threshold': 2.6771525676432315, 'tamer__remediation': 'winsorize'}",0.21671269134639637,0.2518045646881989,0.1991972832255883,0.2233866500478942,0.20061610721086512,0.2183434593037886,0.019123670260715275,118,0.6737689393939394,0.6685718327792318,0.6560939378934709,0.6720945037843955,0.671372992855627,0.6683804413413329,0.006368364520289993,142
1.7804417133331298,0.3506171830773477,0.2505918502807617,0.1114464732758442,SMOTESampler(),LightGBMEstimator(),0.5668841130409883,0.024812081271512812,,,216.0,0.00110883857225195,1.0442768145285057,9.887410967612535,0.5445137227326374,IterativeModelImputer(),RobustScalerNorm(),SelectKBestFilter(k=20),0.06690041989123585,cluster,2.877635596718004,percentile_clip,11.0,15.0,,,,,,,,,,,"{'balancer': SMOTESampler(), 'classifier': LightGBMEstimator(), 'classifier__colsample_bytree': 0.5668841130409883, 'classifier__learning_rate': 0.024812081271512812, 'classifier__min_child_samples': 11, 'classifier__n_estimators': 216, 'classifier__num_leaves': 15, 'classifier__reg_alpha': 0.00110883857225195, 'classifier__reg_lambda': 1.0442768145285057, 'classifier__scale_pos_weight': 9.887410967612535, 'classifier__subsample': 0.5445137227326374, 'imputer': IterativeModelImputer(), 'normalizer': RobustScalerNorm(), 'selector': SelectKBestFilter(k=20), 'tamer__contamination': 0.06690041989123585, 'tamer__detector': 'cluster', 'tamer__mad_threshold': 2.877635596718004, 'tamer__remediation': 'percentile_clip'}",0.23888580008158836,0.2354688583431578,0.2477695738591862,0.2492653210648912,0.24371293735598934,0.24302049814096258,0.00521831385167918,52,0.690976933514247,0.6848659545872533,0.7154417486029567,0.6923321779726958,0.7037348801018604,0.6974703389558027,0.010859572351647646,67
10.02987790107727,0.7526646141571642,0.3774357795715332,0.09259914158305724,SMOTESampler(),LightGBMEstimator(),0.7966798255163654,0.018520252322781924,,,774.0,0.08513004973838488,0.6876897762344731,1.3599771769248301,0.8605457456895735,ClassMeanImputer(),ZScoreNormalizationNorm(),SelectKBestFilter(k=40),0.1468274511684967,statistical,2.593918543868868,none,9.0,23.0,,,,,,,,,,,"{'balancer': SMOTESampler(), 'classifier': LightGBMEstimator(), 'classifier__colsample_bytree': 0.7966798255163654, 'classifier__learning_rate': 0.018520252322781924, 'classifier__min_child_samples': 9, 'classifier__n_estimators': 774, 'classifier__num_leaves': 23, 'classifier__reg_alpha': 0.08513004973838488, 'classifier__reg_lambda': 0.6876897762344731, 'classifier__scale_pos_weight': 1.3599771769248301, 'classifier__subsample': 0.8605457456895735, 'imputer': ClassMeanImputer(), 'normalizer': ZScoreNormalizationNorm(), 'selector': SelectKBestFilter(k=40), 'tamer__contamination': 0.1468274511684967, 'tamer__detector': 'statistical', 'tamer__mad_threshold': 2.593918543868868, 'tamer__remediation': 'none'}",0.24805499738126774,0.24030666793400024,0.21700984484130637,0.23358049901398437,0.2197928971718296,0.23174898126847765,0.011854659078462166,84,0.6833517073722298,0.66576359906628,0.6841055386574239,0.6975171535686495,0.6854636768762822,0.6832403351081731,0.010148577019583193,109
1.156567096710205,0.1696393177392298,0.13572955131530762,0.03528355313230047,"FunctionSampler(func=<function _identity at 0x70fa04776fc0>, validate=False)",LightGBMEstimator(),0.9747570205315513,0.14279744799547964,,,134.0,2.159430326648549,0.2497088444075516,1.7907333464948378,0.6726618788116248,ClassMeanImputer(),ZScoreNormalizationNorm(),SelectKBestFilter(),0.07548618361309628,cluster,3.2960531732646388,shrink,5.0,21.0,,,,,,,,,,,"{'balancer': FunctionSampler(func=<function _identity at 0x70fa04776fc0>, validate=False), 'classifier': LightGBMEstimator(), 'classifier__colsample_bytree': 0.9747570205315513, 'classifier__learning_rate': 0.14279744799547964, 'classifier__min_child_samples': 5, 'classifier__n_estimators': 134, 'classifier__num_leaves': 21, 'classifier__reg_alpha': 2.159430326648549, 'classifier__reg_lambda': 0.2497088444075516, 'classifier__scale_pos_weight': 1.7907333464948378, 'classifier__subsample': 0.6726618788116248, 'imputer': ClassMeanImputer(), 'normalizer': ZScoreNormalizationNorm(), 'selector': SelectKBestFilter(), 'tamer__contamination': 0.07548618361309628, 'tamer__detector': 'cluster', 'tamer__mad_threshold': 3.2960531732646388, 'tamer__remediation': 'shrink'}",0.2126680348701131,0.20599694258183052,0.22596004931948172,0.19808166520773296,0.21746033716036633,0.21203340582790492,0.009538298501344012,142,0.6677196404341927,0.6513970432199194,0.6709132064794512,0.6671217372851383,0.6653886963287827,0.6645080647494969,0.006794788305905891,149
12.162357234954834,1.4820128989678998,0.5076679229736328,0.10925395785098421,SMOTESampler(),LightGBMEstimator(),0.7822781154142591,0.13198157417622652,,,744.0,0.003597225432722545,5.5226589233169285,1.0070039089259752,0.8220446497252263,InterpolateImputer(),ZScoreNormalizationNorm(),SelectKBestFilter(k=30),0.10140851928343704,statistical,3.857947620680263,winsorize,11.0,56.0,,,,,,,,,,,"{'balancer': SMOTESampler(), 'classifier': LightGBMEstimator(), 'classifier__colsample_bytree': 0.7822781154142591, 'classifier__learning_rate': 0.13198157417622652, 'classifier__min_child_samples': 11, 'classifier__n_estimators': 744, 'classifier__num_leaves': 56, 'classifier__reg_alpha': 0.003597225432722545, 'classifier__reg_lambda': 5.5226589233169285, 'classifier__scale_pos_weight': 1.0070039089259752, 'classifier__subsample': 0.8220446497252263, 'imputer': InterpolateImputer(), 'normalizer': ZScoreNormalizationNorm(), 'selector': SelectKBestFilter(k=30), 'tamer__contamination': 0.10140851928343704, 'tamer__detector': 'statistical', 'tamer__mad_threshold': 3.857947620680263, 'tamer__remediation': 'winsorize'}",0.20340772788858844,0.237676242891098,0.21854307357898348,0.2248804010104736,0.20297059506361614,0.21749560808655194,0.013208593743393893,120,0.6744402985074627,0.6682676664073001,0.7054254792388766,0.6891914833415859,0.6893117351630473,0.6853273325316545,0.012994632314877715,103
3.3965672969818117,0.327735811195577,0.1811079978942871,0.04877166718032897,SMOTESampler(k_neighbors=5),LightGBMEstimator(),0.549826884597835,0.016559366411983092,,,179.0,0.03973815429228248,0.10016047453581187,5.051118449572258,0.938067173120408,MeanImputer(),ZScoreNormalizationNorm(),SelectKBestFilter(k=40),0.01694730946453583,cluster,2.504489187792559,percentile_clip,39.0,42.0,,,,,,,,,,,"{'balancer': SMOTESampler(k_neighbors=5), 'classifier': LightGBMEstimator(), 'classifier__colsample_bytree': 0.549826884597835, 'classifier__learning_rate': 0.016559366411983092, 'classifier__min_child_samples': 39, 'classifier__n_estimators': 179, 'classifier__num_leaves': 42, 'classifier__reg_alpha': 0.03973815429228248, 'classifier__reg_lambda': 0.10016047453581187, 'classifier__scale_pos_weight': 5.051118449572258, 'classifier__subsample': 0.938067173120408, 'imputer': MeanImputer(), 'normalizer': ZScoreNormalizationNorm(), 'selector': SelectKBestFilter(k=40), 'tamer__contamination': 0.01694730946453583, 'tamer__detector': 'cluster', 'tamer__mad_threshold': 2.504489187792559, 'tamer__remediation': 'percentile_clip'}",0.25236001165680566,0.2161428347724075,0.24241042076288832,0.26937846459168924,0.2540129045563047,0.24686092726801906,0.01761725523508806,41,0.707909317051108,0.661703331682818,0.7184197495932659,0.717783122303176,0.7046827474004386,0.7020996536061613,0.020902651081748057,50
19.891387748718262,1.8626011624337666,0.6917494773864746,0.14293967132540478,BorderlineSMOTESampler(),LightGBMEstimator(),0.6112620604686116,0.2559966781536327,,,957.0,0.014400098387000251,3.3090441770068417,7.90151319461833,0.5551629703159106,ClassMeanImputer(),ZScoreNormalizationNorm(),SelectKBestFilter(k=40),0.0136918301275805,iforest,2.350384954089683,none,6.0,78.0,,,,,,,,,,,"{'balancer': BorderlineSMOTESampler(), 'classifier': LightGBMEstimator(), 'classifier__colsample_bytree': 0.6112620604686116, 'classifier__learning_rate': 0.2559966781536327, 'classifier__min_child_samples': 6, 'classifier__n_estimators': 957, 'classifier__num_leaves': 78, 'classifier__reg_alpha': 0.014400098387000251, 'classifier__reg_lambda': 3.3090441770068417, 'classifier__scale_pos_weight': 7.90151319461833, 'classifier__subsample': 0.5551629703159106, 'imputer': ClassMeanImputer(), 'normalizer': ZScoreNormalizationNorm(), 'selector': SelectKBestFilter(k=40), 'tamer__contamination': 0.0136918301275805, 'tamer__detector': 'iforest', 'tamer__mad_threshold': 2.350384954089683, 'tamer__remediation': 'none'}",0.26622047479531136,0.24537454852671317,0.2376301719254439,0.2335532925140851,0.21287389876520413,0.23913047730535153,0.01729520287529064,61,0.7086513455450024,0.6897007851736578,0.7047322628563344,0.7062743156256631,0.6834193959114382,0.6985556210224192,0.010071407378090785,63
1.967395830154419,0.34841123068643665,0.3950756072998047,0.04294812818864986,"FunctionSampler(func=<function _identity at 0x70fa04776fc0>, validate=False)",LightGBMEstimator(),0.9828013928826097,0.09451391028602676,,,110.0,3.3467653733584113,0.23248782852444716,6.302041327684074,0.8752999747188774,MeanImputer(),ZScoreNormalizationNorm(),TreeBasedSelection(),0.006758713050818082,iforest,3.0814743294481337,percentile_clip,19.0,17.0,,,,,,,,,,,"{'balancer': FunctionSampler(func=<function _identity at 0x70fa04776fc0>, validate=False), 'classifier': LightGBMEstimator(), 'classifier__colsample_bytree': 0.9828013928826097, 'classifier__learning_rate': 0.09451391028602676, 'classifier__min_child_samples': 19, 'classifier__n_estimators': 110, 'classifier__num_leaves': 17, 'classifier__reg_alpha': 3.3467653733584113, 'classifier__reg_lambda': 0.23248782852444716, 'classifier__scale_pos_weight': 6.302041327684074, 'classifier__subsample': 0.8752999747188774, 'imputer': MeanImputer(), 'normalizer': ZScoreNormalizationNorm(), 'selector': TreeBasedSelection(), 'tamer__contamination': 0.006758713050818082, 'tamer__detector': 'iforest', 'tamer__mad_threshold': 3.0814743294481337, 'tamer__remediation': 'percentile_clip'}",0.2718655237797635,0.28353919473427314,0.24790772495902474,0.2558997202562756,0.2296831187918676,0.25777905650424093,0.018720951306388216,25,0.7263045567616463,0.6833628068189858,0.708177123859376,0.7128740185329279,0.6932729716347175,0.7047982955215307,0.015043047046622,41
4.164603328704834,0.3262351183035405,0.2343306064605713,0.056854156688486195,SMOTESampler(),LightGBMEstimator(),0.6358245327501577,0.022639810584966485,,,136.0,0.6312438667616562,4.70570946228709,1.3447431520775188,0.6082312176679311,InterpolateImputer(),RobustScalerNorm(),SelectKBestFilter(k=30),0.08391256982267208,iforest,3.90214391515514,winsorize,25.0,86.0,,,,,,,,,,,"{'balancer': SMOTESampler(), 'classifier': LightGBMEstimator(), 'classifier__colsample_bytree': 0.6358245327501577, 'classifier__learning_rate': 0.022639810584966485, 'classifier__min_child_samples': 25, 'classifier__n_estimators': 136, 'classifier__num_leaves': 86, 'classifier__reg_alpha': 0.6312438667616562, 'classifier__reg_lambda': 4.70570946228709, 'classifier__scale_pos_weight': 1.3447431520775188, 'classifier__subsample': 0.6082312176679311, 'imputer': InterpolateImputer(), 'normalizer': RobustScalerNorm(), 'selector': SelectKBestFilter(k=30), 'tamer__contamination': 0.08391256982267208, 'tamer__detector': 'iforest', 'tamer__mad_threshold': 3.90214391515514, 'tamer__remediation': 'winsorize'}",0.23415239488122036,0.20153202290188596,0.24320019706299112,0.27288006673376425,0.24448576435920275,0.23925008918781288,0.022902532820891622,60,0.6924185888738127,0.6617033316828181,0.7247860224941642,0.7163542477187522,0.7155690740609748,0.7021662529661044,0.022912240117187944,49
3.061634635925293,0.3523975455196801,0.3934759616851807,0.0935675765726029,BorderlineSMOTESampler(),LightGBMEstimator(),0.6836633842317545,0.010784273062015235,,,124.0,0.016492574945048844,0.638643519825423,7.461796580155559,0.9454917990794801,KNNImputerWrapper(),ZScoreNormalizationNorm(),SelectKBestFilter(k=40),0.006241512750023334,iforest,2.8337937979432395,shrink,6.0,20.0,,,,,,,,,,,"{'balancer': BorderlineSMOTESampler(), 'classifier': LightGBMEstimator(), 'classifier__colsample_bytree': 0.6836633842317545, 'classifier__learning_rate': 0.010784273062015235, 'classifier__min_child_samples': 6, 'classifier__n_estimators': 124, 'classifier__num_leaves': 20, 'classifier__reg_alpha': 0.016492574945048844, 'classifier__reg_lambda': 0.638643519825423, 'classifier__scale_pos_weight': 7.461796580155559, 'classifier__subsample': 0.9454917990794801, 'imputer': KNNImputerWrapper(), 'normalizer': ZScoreNormalizationNorm(), 'selector': SelectKBestFilter(k=40), 'tamer__contamination': 0.006241512750023334, 'tamer__detector': 'iforest', 'tamer__mad_threshold': 2.8337937979432395, 'tamer__remediation': 'shrink'}",0.26765820405223,0.21471857843717662,0.23075498858949672,0.28169674140926804,0.24488061091863694,0.24794182468136167,0.02423498493647305,39,0.703241604477612,0.670541840560232,0.6993527622550753,0.7225224587960671,0.711561858951687,0.7014441050081347,0.017373661733400755,53
1.6707049369812013,0.2076303363867651,0.3702882766723633,0.0489706123029867,BorderlineSMOTESampler(),LightGBMEstimator(),0.6447786516917583,0.10285585054573439,,,592.0,0.20064981262657153,0.561727693527467,9.087432161764255,0.7108106109563801,KNNImputerWrapper(),ZScoreNormalizationNorm(),SelectKBestFilter(),0.047149503042802875,statistical,2.008399456121128,cluster_local_median,66.0,9.0,,,,,,,,,,,"{'balancer': BorderlineSMOTESampler(), 'classifier': LightGBMEstimator(), 'classifier__colsample_bytree': 0.6447786516917583, 'classifier__learning_rate': 0.10285585054573439, 'classifier__min_child_samples': 66, 'classifier__n_estimators': 592, 'classifier__num_leaves': 9, 'classifier__reg_alpha': 0.20064981262657153, 'classifier__reg_lambda': 0.561727693527467, 'classifier__scale_pos_weight': 9.087432161764255, 'classifier__subsample': 0.7108106109563801, 'imputer': KNNImputerWrapper(), 'normalizer': ZScoreNormalizationNorm(), 'selector': SelectKBestFilter(), 'tamer__contamination': 0.047149503042802875, 'tamer__detector': 'statistical', 'tamer__mad_threshold': 2.008399456121128, 'tamer__remediation': 'cluster_local_median'}",0.19690317584468156,0.1772469986370096,0.2009255437391413,0.18898619345366274,0.17326733221752316,0.1874658487784037,0.01075695820634684,190,0.6339467435549526,0.627785244394143,0.6782768621348235,0.657063026101719,0.6297092735375257,0.6453562299446327,0.0195169682981918,174
12.934280014038086,0.6946006894278349,0.1576136589050293,0.019380197203510984,SMOTESampler(k_neighbors=5),RandomForestEstimator(),,,3,,526.0,,,,,ClassMeanImputer(),RobustScalerNorm(),SelectKBestFilter(k=30),0.009021617854872628,iforest,2.1158596402245817,none,,,sqrt,3.0,,,,,,,,,"{'balancer': SMOTESampler(k_neighbors=5), 'classifier': RandomForestEstimator(), 'classifier__max_depth': 3, 'classifier__max_features': 'sqrt', 'classifier__min_samples_leaf': 3, 'classifier__n_estimators': 526, 'imputer': ClassMeanImputer(), 'normalizer': RobustScalerNorm(), 'selector': SelectKBestFilter(k=30), 'tamer__contamination': 0.009021617854872628, 'tamer__detector': 'iforest', 'tamer__mad_threshold': 2.1158596402245817, 'tamer__remediation': 'none'}",0.2645386157880362,0.239551088190276,0.24640572157749865,0.24658944855593076,0.2622389191593075,0.2518647586542098,0.00977247485099286,30,0.7207004748982361,0.6948574662233853,0.7207469760203721,0.7029709273537526,0.7330409563556625,0.7144633601702817,0.013711160401713867,24
41.28083448410034,0.8797486550353097,0.6802031040191651,0.0650522388959091,SMOTESampler(),RandomForestEstimator(),,,10,,581.0,,,,,KNNImputerWrapper(),ZScoreNormalizationNorm(),TreeBasedSelection(),0.03648184898529958,statistical,2.882593106519219,cluster_local_median,,,sqrt,13.0,,,,,,,,,"{'balancer': SMOTESampler(), 'classifier': RandomForestEstimator(), 'classifier__max_depth': 10, 'classifier__max_features': 'sqrt', 'classifier__min_samples_leaf': 13, 'classifier__n_estimators': 581, 'imputer': KNNImputerWrapper(), 'normalizer': ZScoreNormalizationNorm(), 'selector': TreeBasedSelection(), 'tamer__contamination': 0.03648184898529958, 'tamer__detector': 'statistical', 'tamer__mad_threshold': 2.882593106519219, 'tamer__remediation': 'cluster_local_median'}",0.285943743519244,0.2363913633653194,0.23915863567713616,0.2614192812288085,0.2643679340593556,0.25745619156997274,0.01818541403921823,26,0.7227922885572139,0.675037136591922,0.7190351559736862,0.7027657918936124,0.7289453207894179,0.7097151387611704,0.019383145899493803,30
63.55389108657837,1.6440179866272133,0.3656531810760498,0.06986132521852087,SMOTESampler(),RandomForestEstimator(),,,14,,398.0,,,,,KNNImputerWrapper(),RobustScalerNorm(),SelectKBestFilter(k=40),0.11493018303660794,statistical,2.230342313245953,cluster_local_median,,,0.5,31.0,,,,,,,,,"{'balancer': SMOTESampler(), 'classifier': RandomForestEstimator(), 'classifier__max_depth': 14, 'classifier__max_features': 0.5, 'classifier__min_samples_leaf': 31, 'classifier__n_estimators': 398, 'imputer': KNNImputerWrapper(), 'normalizer': RobustScalerNorm(), 'selector': SelectKBestFilter(k=40), 'tamer__contamination': 0.11493018303660794, 'tamer__detector': 'statistical', 'tamer__mad_threshold': 2.230342313245953, 'tamer__remediation': 'cluster_local_median'}",0.2303621392467208,0.22420279065405854,0.2199686503600627,0.2492547857007566,0.23033601301887435,0.2308248757960946,0.010018226723021967,90,0.6985526910900045,0.6824007922472943,0.7098889439060622,0.6997594963570771,0.7086156893258825,0.6998435225852642,0.009836498836851088,59
8.071309757232665,0.642287851674504,0.46492981910705566,0.13060996488692153,BorderlineSMOTESampler(),RandomForestEstimator(),,,5,,151.0,,,,,KNNImputerWrapper(),ZScoreNormalizationNorm(),TreeBasedSelection(),0.040742748769220974,cluster,3.841130897434378,shrink,,,sqrt,20.0,,,,,,,,,"{'balancer': BorderlineSMOTESampler(), 'classifier': RandomForestEstimator(), 'classifier__max_depth': 5, 'classifier__max_features': 'sqrt', 'classifier__min_samples_leaf': 20, 'classifier__n_estimators': 151, 'imputer': KNNImputerWrapper(), 'normalizer': ZScoreNormalizationNorm(), 'selector': TreeBasedSelection(), 'tamer__contamination': 0.040742748769220974, 'tamer__detector': 'cluster', 'tamer__mad_threshold': 3.841130897434378, 'tamer__remediation': 'shrink'}",0.24490226166197812,0.23627514884405737,0.25247447694522485,0.24599785235727908,0.2543427617053371,0.24679850030277528,0.006389213957835454,42,0.7197817729534148,0.681169979486454,0.7208318596590507,0.7128952394425976,0.7088420456956921,0.7087041794474418,0.014460358665508202,31
31.32902946472168,1.217942256052579,0.2069364070892334,0.0430780181004705,BorderlineSMOTESampler(),RandomForestEstimator(),,,9,,227.0,,,,,ClassMeanImputer(),RobustScalerNorm(),SelectKBestFilter(k=30),0.06340888940402835,iforest,3.649173881949138,mad_replace,,,0.5,4.0,,,,,,,,,"{'balancer': BorderlineSMOTESampler(), 'classifier': RandomForestEstimator(), 'classifier__max_depth': 9, 'classifier__max_features': 0.5, 'classifier__min_samples_leaf': 4, 'classifier__n_estimators': 227, 'imputer': ClassMeanImputer(), 'normalizer': RobustScalerNorm(), 'selector': SelectKBestFilter(k=30), 'tamer__contamination': 0.06340888940402835, 'tamer__detector': 'iforest', 'tamer__mad_threshold': 3.649173881949138, 'tamer__remediation': 'mad_replace'}",0.23125883705540137,0.19159695428013496,0.21287244806945843,0.22845099112354741,0.26194802863471667,0.22522545183265175,0.023146602504729965,110,0.6970615671641791,0.6631817217231379,0.7140553158378723,0.6988328499681686,0.7333946381834902,0.7013052185753696,0.023107652529242344,54
35.00213618278504,1.1219472035172255,0.372683048248291,0.04447103214084916,SMOTESampler(),RandomForestEstimator(),,,11,,374.0,,,,,MeanImputer(),ZScoreNormalizationNorm(),TreeBasedSelection(),0.14822546097390998,cluster,2.3617204646008982,shrink,,,log2,2.0,,,,,,,,,"{'balancer': SMOTESampler(), 'classifier': RandomForestEstimator(), 'classifier__max_depth': 11, 'classifier__max_features': 'log2', 'classifier__min_samples_leaf': 2, 'classifier__n_estimators': 374, 'imputer': MeanImputer(), 'normalizer': ZScoreNormalizationNorm(), 'selector': TreeBasedSelection(), 'tamer__contamination': 0.14822546097390998, 'tamer__detector': 'cluster', 'tamer__mad_threshold': 2.3617204646008982, 'tamer__remediation': 'shrink'}",0.21417706857689967,0.20774495621748085,0.21211791312858103,0.23734982420069275,0.21973031476544722,0.21822401537782027,0.010310562011333542,119,0.6886024423337856,0.6784324821390677,0.7065148192685861,0.6930961307208037,0.6875008842045696,0.6908293517333626,0.009174882844794919,83
23.54044427871704,1.614147781267131,0.31707086563110354,0.07080732442063838,SMOTESampler(k_neighbors=5),RandomForestEstimator(),,,7,,784.0,,,,,IterativeModelImputer(),RobustScalerNorm(),SelectKBestFilter(),0.005993067308645934,iforest,2.756780113971588,none,,,sqrt,4.0,,,,,,,,,"{'balancer': SMOTESampler(k_neighbors=5), 'classifier': RandomForestEstimator(), 'classifier__max_depth': 7, 'classifier__max_features': 'sqrt', 'classifier__min_samples_leaf': 4, 'classifier__n_estimators': 784, 'imputer': IterativeModelImputer(), 'normalizer': RobustScalerNorm(), 'selector': SelectKBestFilter(), 'tamer__contamination': 0.005993067308645934, 'tamer__detector': 'iforest', 'tamer__mad_threshold': 2.756780113971588, 'tamer__remediation': 'none'}",0.2538113755512239,0.22146369450960296,0.2429349557152895,0.26392336137709865,0.23652562204845273,0.24373180184033352,0.014544617408188146,49,0.689775554047942,0.6582231024969937,0.7000212209096697,0.7052557119615195,0.6983659899554362,0.6903283158743123,0.016807343860604784,84
8.577611255645753,0.41478146913254677,0.23740096092224122,0.06675688800778727,"FunctionSampler(func=<function _identity at 0x70fa04776fc0>, validate=False)",RandomForestEstimator(),,,17,,326.0,,,,,InterpolateImputer(),RobustScalerNorm(),SelectKBestFilter(k=40),0.017460922569721333,iforest,3.3889633744295447,cluster_local_median,,,log2,9.0,,,,,,,,,"{'balancer': FunctionSampler(func=<function _identity at 0x70fa04776fc0>, validate=False), 'classifier': RandomForestEstimator(), 'classifier__max_depth': 17, 'classifier__max_features': 'log2', 'classifier__min_samples_leaf': 9, 'classifier__n_estimators': 326, 'imputer': InterpolateImputer(), 'normalizer': RobustScalerNorm(), 'selector': SelectKBestFilter(k=40), 'tamer__contamination': 0.017460922569721333, 'tamer__detector': 'iforest', 'tamer__mad_threshold': 3.3889633744295447, 'tamer__remediation': 'cluster_local_median'}",0.27861542272073714,0.21563144070220902,0.2569730468233858,0.23726738257491164,0.22527428994147763,0.24275231655254426,0.022625204420347416,53,0.7384031546811398,0.6817500176840914,0.7233359270000707,0.7166796350003537,0.7261866025323619,0.7172710673796036,0.01910460241264425,22
8.193848896026612,0.5064268833820816,0.13601584434509278,0.02120772168272724,BorderlineSMOTESampler(),RandomForestEstimator(),,,6,,102.0,,,,,ClassMeanImputer(),ZScoreNormalizationNorm(),SelectKBestFilter(k=20),0.08627429987091736,cluster,2.9010044964369803,percentile_clip,,,0.5,24.0,,,,,,,,,"{'balancer': BorderlineSMOTESampler(), 'classifier': RandomForestEstimator(), 'classifier__max_depth': 6, 'classifier__max_features': 0.5, 'classifier__min_samples_leaf': 24, 'classifier__n_estimators': 102, 'imputer': ClassMeanImputer(), 'normalizer': ZScoreNormalizationNorm(), 'selector': SelectKBestFilter(k=20), 'tamer__contamination': 0.08627429987091736, 'tamer__detector': 'cluster', 'tamer__mad_threshold': 2.9010044964369803, 'tamer__remediation': 'percentile_clip'}",0.22820698315055063,0.2311235720011687,0.2435492036826001,0.263083669347289,0.24730526401056363,0.2426537384384344,0.012501792683541822,54,0.696482078245138,0.6826554431633303,0.7237320506472377,0.7128669448963713,0.7330833981750018,0.7097639830254158,0.018219837191510685,29
167.55844254493712,12.483042592797364,0.8088948726654053,0.348782337656438,BorderlineSMOTESampler(),RandomForestEstimator(),,,14,,903.0,,,,,InterpolateImputer(),ZScoreNormalizationNorm(),SelectKBestFilter(k=30),0.0071147781541038395,cluster,3.1875106499102,winsorize,,,0.5,7.0,,,,,,,,,"{'balancer': BorderlineSMOTESampler(), 'classifier': RandomForestEstimator(), 'classifier__max_depth': 14, 'classifier__max_features': 0.5, 'classifier__min_samples_leaf': 7, 'classifier__n_estimators': 903, 'imputer': InterpolateImputer(), 'normalizer': ZScoreNormalizationNorm(), 'selector': SelectKBestFilter(k=30), 'tamer__contamination': 0.0071147781541038395, 'tamer__detector': 'cluster', 'tamer__mad_threshold': 3.1875106499102, 'tamer__remediation': 'winsorize'}",0.24184754741942435,0.20219234683813392,0.24451247253682223,0.2758882642024731,0.2560838331575536,0.24410489283088146,0.02414788168023018,47,0.7042769109000453,0.6604371507391951,0.718228761406239,0.7200254650916036,0.735679422791257,0.707729542185668,0.025655837938909288,32
28.71126537322998,1.2824503869141535,0.32174882888793943,0.09044577234370811,SMOTESampler(k_neighbors=5),RandomForestEstimator(),,,21,,694.0,,,,,IterativeModelImputer(),RobustScalerNorm(),SelectKBestFilter(),0.030015996029397647,iforest,3.9299033952346663,shrink,,,sqrt,45.0,,,,,,,,,"{'balancer': SMOTESampler(k_neighbors=5), 'classifier': RandomForestEstimator(), 'classifier__max_depth': 21, 'classifier__max_features': 'sqrt', 'classifier__min_samples_leaf': 45, 'classifier__n_estimators': 694, 'imputer': IterativeModelImputer(), 'normalizer': RobustScalerNorm(), 'selector': SelectKBestFilter(), 'tamer__contamination': 0.030015996029397647, 'tamer__detector': 'iforest', 'tamer__mad_threshold': 3.9299033952346663, 'tamer__remediation': 'shrink'}",0.2527784571377147,0.23457999632977738,0.23967595459267255,0.2696695789042984,0.2512622608637202,0.24959324956563664,0.012163393095757296,35,0.691789631388512,0.664653038126901,0.7005517436514113,0.709888943906062,0.6957063026101719,0.6925179319366117,0.015188433913860057,81
47.04716634750366,2.3195175699037742,0.17796754837036133,0.04451436188455933,SMOTESampler(k_neighbors=5),RandomForestEstimator(),,,18,,219.0,,,,,MeanImputer(),ZScoreNormalizationNorm(),SelectKBestFilter(k=40),0.04885721425543659,statistical,3.55576395760286,percentile_clip,,,0.5,17.0,,,,,,,,,"{'balancer': SMOTESampler(k_neighbors=5), 'classifier': RandomForestEstimator(), 'classifier__max_depth': 18, 'classifier__max_features': 0.5, 'classifier__min_samples_leaf': 17, 'classifier__n_estimators': 219, 'imputer': MeanImputer(), 'normalizer': ZScoreNormalizationNorm(), 'selector': SelectKBestFilter(k=40), 'tamer__contamination': 0.04885721425543659, 'tamer__detector': 'statistical', 'tamer__mad_threshold': 3.55576395760286, 'tamer__remediation': 'percentile_clip'}",0.23439542261322155,0.2110997622391435,0.24034863830584527,0.2602733835837082,0.2554668523497432,0.24031681181833237,0.01741544334139374,59,0.6909274649479873,0.6640517790195939,0.7205701351064582,0.7075051283865035,0.7177406804838367,0.7001590375888759,0.020826176670614115,57
4.289590883255005,0.0902949124293772,0.31334633827209474,0.0263994094702028,"FunctionSampler(func=<function _identity at 0x70fa04776fc0>, validate=False)",RandomForestEstimator(),,,12,,114.0,,,,,InterpolateImputer(),ZScoreNormalizationNorm(),TreeBasedSelection(),0.020691787734184505,statistical,2.410466693888574,winsorize,,,log2,2.0,,,,,,,,,"{'balancer': FunctionSampler(func=<function _identity at 0x70fa04776fc0>, validate=False), 'classifier': RandomForestEstimator(), 'classifier__max_depth': 12, 'classifier__max_features': 'log2', 'classifier__min_samples_leaf': 2, 'classifier__n_estimators': 114, 'imputer': InterpolateImputer(), 'normalizer': ZScoreNormalizationNorm(), 'selector': TreeBasedSelection(), 'tamer__contamination': 0.020691787734184505, 'tamer__detector': 'statistical', 'tamer__mad_threshold': 2.410466693888574, 'tamer__remediation': 'winsorize'}",0.279782817321044,0.22453942025977242,0.25814839264984074,0.2457796039294082,0.2346908595953553,0.24858821875108417,0.019203486779806333,38,0.7346647444595207,0.6805828676522601,0.7155690740609748,0.706387493810568,0.7123930112470822,0.7099194382460811,0.017455521381676917,26
12.209786176681519,0.8397969861717385,0.16549148559570312,0.029621942490111148,SMOTESampler(k_neighbors=5),RandomForestEstimator(),,,,,284.0,,,,,MeanImputer(),ZScoreNormalizationNorm(),SelectKBestFilter(),0.01098787561307614,statistical,2.0992835708889266,mad_replace,,,log2,8.0,,,,,,,,,"{'balancer': SMOTESampler(k_neighbors=5), 'classifier': RandomForestEstimator(), 'classifier__max_depth': None, 'classifier__max_features': 'log2', 'classifier__min_samples_leaf': 8, 'classifier__n_estimators': 284, 'imputer': MeanImputer(), 'normalizer': ZScoreNormalizationNorm(), 'selector': SelectKBestFilter(), 'tamer__contamination': 0.01098787561307614, 'tamer__detector': 'statistical', 'tamer__mad_threshold': 2.0992835708889266, 'tamer__remediation': 'mad_replace'}",0.23450134124453909,0.1937839327164432,0.23267460516600208,0.19792976141506946,0.17445691456236054,0.20666931102088287,0.02337070138830542,159,0.6734014586160108,0.6380490910377024,0.6754686284218717,0.6461979203508523,0.6361038409846501,0.6538441878822174,0.017162596929035986,171
9.964136171340943,0.6955968035917868,0.15031352043151855,0.03210567850502843,"FunctionSampler(func=<function _identity at 0x70fa04776fc0>, validate=False)",RandomForestEstimator(),,,20,,161.0,,,,,MeanImputer(),RobustScalerNorm(),SelectKBestFilter(k=30),0.015810778773842626,statistical,3.454542855949774,winsorize,,,0.5,11.0,,,,,,,,,"{'balancer': FunctionSampler(func=<function _identity at 0x70fa04776fc0>, validate=False), 'classifier': RandomForestEstimator(), 'classifier__max_depth': 20, 'classifier__max_features': 0.5, 'classifier__min_samples_leaf': 11, 'classifier__n_estimators': 161, 'imputer': MeanImputer(), 'normalizer': RobustScalerNorm(), 'selector': SelectKBestFilter(k=30), 'tamer__contamination': 0.015810778773842626, 'tamer__detector': 'statistical', 'tamer__mad_threshold': 3.454542855949774, 'tamer__remediation': 'winsorize'}",0.27303607739233243,0.26191368826519573,0.2654437478076349,0.2768717815372964,0.2574934803484502,0.26695175507018193,0.007106913070739199,19,0.72311736770692,0.6768692084600694,0.7217868005941854,0.7278418334865955,0.737596378298083,0.7174423177091707,0.02103137658253072,21
44.753994369506835,1.2769905663357841,0.3192866802215576,0.018622717210570416,"FunctionSampler(func=<function _identity at 0x70fa04776fc0>, validate=False)",RandomForestEstimator(),,,23,,819.0,,,,,IterativeModelImputer(),RobustScalerNorm(),SelectKBestFilter(k=20),0.10574900023025531,cluster,3.749803794364015,mad_replace,,,0.5,1.0,,,,,,,,,"{'balancer': FunctionSampler(func=<function _identity at 0x70fa04776fc0>, validate=False), 'classifier': RandomForestEstimator(), 'classifier__max_depth': 23, 'classifier__max_features': 0.5, 'classifier__min_samples_leaf': 1, 'classifier__n_estimators': 819, 'imputer': IterativeModelImputer(), 'normalizer': RobustScalerNorm(), 'selector': SelectKBestFilter(k=20), 'tamer__contamination': 0.10574900023025531, 'tamer__detector': 'cluster', 'tamer__mad_threshold': 3.749803794364015, 'tamer__remediation': 'mad_replace'}",0.265331427864046,0.20600050517284296,0.2524570117652472,0.2232721983337566,0.18720048126008138,0.22685232487919485,0.028830975531860693,106,0.7041143713251922,0.6579896724906275,0.7153427176911649,0.6927389120746976,0.6681085095847775,0.6876588366332921,0.021566008659654214,95
47.104443597793576,7.001679709697053,0.6837953567504883,0.5520605309966357,SMOTESampler(),RandomForestEstimator(),,,24,,480.0,,,,,InterpolateImputer(),ZScoreNormalizationNorm(),SelectKBestFilter(k=40),0.02372212851744169,iforest,3.288261662975506,shrink,,,log2,6.0,,,,,,,,,"{'balancer': SMOTESampler(), 'classifier': RandomForestEstimator(), 'classifier__max_depth': 24, 'classifier__max_features': 'log2', 'classifier__min_samples_leaf': 6, 'classifier__n_estimators': 480, 'imputer': InterpolateImputer(), 'normalizer': ZScoreNormalizationNorm(), 'selector': SelectKBestFilter(k=40), 'tamer__contamination': 0.02372212851744169, 'tamer__detector': 'iforest', 'tamer__mad_threshold': 3.288261662975506, 'tamer__remediation': 'shrink'}",0.2683791290785163,0.20995594325857628,0.2370220167576992,0.24403741004446544,0.229971823525512,0.23787326453295385,0.019032281426382212,67,0.7253505201266395,0.6837942986489354,0.7127183985286837,0.7141401994765508,0.7130862276296244,0.7098179288820867,0.013829441386027864,27
4.135928010940551,0.22619296377124076,0.09584641456604004,0.013996254014705386,BorderlineSMOTESampler(),RandomForestEstimator(),,,3,,196.0,,,,,IterativeModelImputer(),RobustScalerNorm(),SelectKBestFilter(k=20),0.06519416724394583,cluster,2.6841317652241576,none,,,log2,1.0,,,,,,,,,"{'balancer': BorderlineSMOTESampler(), 'classifier': RandomForestEstimator(), 'classifier__max_depth': 3, 'classifier__max_features': 'log2', 'classifier__min_samples_leaf': 1, 'classifier__n_estimators': 196, 'imputer': IterativeModelImputer(), 'normalizer': RobustScalerNorm(), 'selector': SelectKBestFilter(k=20), 'tamer__contamination': 0.06519416724394583, 'tamer__detector': 'cluster', 'tamer__mad_threshold': 2.6841317652241576, 'tamer__remediation': 'none'}",0.2753913682297319,0.23741587853146767,0.2573638433387689,0.2717194264040449,0.24097335852265225,0.25657277500533315,0.015456485795666393,27,0.7360074626865671,0.6912003961236471,0.7157459149748887,0.7152613708707646,0.7236966824644551,0.7163823654240645,0.014659037841140752,23
10.188578462600708,0.4950501479995922,0.5223201274871826,0.08736907249325125,SMOTESampler(),RandomForestEstimator(),,,,,259.0,,,,,KNNImputerWrapper(),RobustScalerNorm(),SelectKBestFilter(),0.005645717411747973,iforest,2.520880574222037,winsorize,,,sqrt,40.0,,,,,,,,,"{'balancer': SMOTESampler(), 'classifier': RandomForestEstimator(), 'classifier__max_depth': None, 'classifier__max_features': 'sqrt', 'classifier__min_samples_leaf': 40, 'classifier__n_estimators': 259, 'imputer': KNNImputerWrapper(), 'normalizer': RobustScalerNorm(), 'selector': SelectKBestFilter(), 'tamer__contamination': 0.005645717411747973, 'tamer__detector': 'iforest', 'tamer__mad_threshold': 2.520880574222037, 'tamer__remediation': 'winsorize'}",0.2526059252287449,0.23035929829338042,0.25544505480513313,0.27319777915741444,0.23988846540451536,0.25029930457783767,0.014574833139473012,33,0.6922348484848485,0.669710688264837,0.6956709344273891,0.7088915611515881,0.7038197637405389,0.6940655592138404,0.01352067535072783,75
3.9698862075805663,0.2837302436248657,0.14042177200317382,0.03356550718568787,"FunctionSampler(func=<function _identity at 0x70fa04776fc0>, validate=False)",RandomForestEstimator(),,,16,,132.0,,,,,ClassMeanImputer(),ZScoreNormalizationNorm(),SelectKBestFilter(k=20),0.0137255468671959,statistical,3.050623110358196,mad_replace,,,log2,2.0,,,,,,,,,"{'balancer': FunctionSampler(func=<function _identity at 0x70fa04776fc0>, validate=False), 'classifier': RandomForestEstimator(), 'classifier__max_depth': 16, 'classifier__max_features': 'log2', 'classifier__min_samples_leaf': 2, 'classifier__n_estimators': 132, 'imputer': ClassMeanImputer(), 'normalizer': ZScoreNormalizationNorm(), 'selector': SelectKBestFilter(k=20), 'tamer__contamination': 0.0137255468671959, 'tamer__detector': 'statistical', 'tamer__mad_threshold': 3.050623110358196, 'tamer__remediation': 'mad_replace'}",0.2608203941680032,0.2097929429210615,0.2401150944250594,0.22063571008257243,0.18578231381356813,0.22342929108205292,0.025641995267950145,111,0.7180468396653097,0.6763740539011106,0.7109429157529886,0.6751290938671571,0.6833274386362029,0.6927640683645538,0.01810173415606379,79
2.5062913417816164,0.18915073989326953,0.12770586013793944,0.04064908342301486,SMOTESampler(k_neighbors=5),CatBoostEstimator(),,0.2150619122787973,,,,,,,,InterpolateImputer(),RobustScalerNorm(),SelectKBestFilter(k=30),0.04711082007348478,statistical,3.7925837360957786,cluster_local_median,,,,,5.0,135.0,1.1585028131908655,,,,,,"{'balancer': SMOTESampler(k_neighbors=5), 'classifier': CatBoostEstimator(), 'classifier__depth': 5, 'classifier__iterations': 135, 'classifier__l2_leaf_reg': 1.1585028131908655, 'classifier__learning_rate': 0.2150619122787973, 'imputer': InterpolateImputer(), 'normalizer': RobustScalerNorm(), 'selector': SelectKBestFilter(k=30), 'tamer__contamination': 0.04711082007348478, 'tamer__detector': 'statistical', 'tamer__mad_threshold': 3.7925837360957786, 'tamer__remediation': 'cluster_local_median'}",0.1974830910922964,0.19268466191252193,0.21219117784343572,0.17425660138461288,0.1667490042399467,0.1886729072945627,0.01634203148027814,188,0.6578188602442333,0.650229893188088,0.7026526137087077,0.6368607200962015,0.6365494800877131,0.6568223134649888,0.024307704597446182,166
2.6306829929351805,0.22939681542380602,0.34149718284606934,0.02610155461062576,SMOTESampler(),CatBoostEstimator(),,0.07449430433996844,,,,,,,,ClassMeanImputer(),RobustScalerNorm(),TreeBasedSelection(),0.10689374748719156,cluster,3.427449919732871,shrink,,,,,3.0,122.0,6.949916815357535,,,,,,"{'balancer': SMOTESampler(), 'classifier': CatBoostEstimator(), 'classifier__depth': 3, 'classifier__iterations': 122, 'classifier__l2_leaf_reg': 6.949916815357535, 'classifier__learning_rate': 0.07449430433996844, 'imputer': ClassMeanImputer(), 'normalizer': RobustScalerNorm(), 'selector': TreeBasedSelection(), 'tamer__contamination': 0.10689374748719156, 'tamer__detector': 'cluster', 'tamer__mad_threshold': 3.427449919732871, 'tamer__remediation': 'shrink'}",0.22315245347641513,0.2249400972132508,0.23065920499957765,0.2591053662974381,0.23496071858880002,0.23456356811509632,0.012965541773139836,75,0.6796839665309814,0.6742731838438141,0.7016481573176769,0.6994553299851454,0.6833062177265332,0.6876733710808302,0.01092315739570491,93
4.980799818038941,1.357426836213664,0.12177395820617676,0.030541043540918703,"FunctionSampler(func=<function _identity at 0x70fa04776fc0>, validate=False)",CatBoostEstimator(),,0.024091071774493062,,,,,,,,InterpolateImputer(),ZScoreNormalizationNorm(),SelectKBestFilter(k=30),0.02633920708294101,statistical,3.875550592643135,shrink,,,,,5.0,418.0,1.4012097323752903,,,,,,"{'balancer': FunctionSampler(func=<function _identity at 0x70fa04776fc0>, validate=False), 'classifier': CatBoostEstimator(), 'classifier__depth': 5, 'classifier__iterations': 418, 'classifier__l2_leaf_reg': 1.4012097323752903, 'classifier__learning_rate': 0.024091071774493062, 'imputer': InterpolateImputer(), 'normalizer': ZScoreNormalizationNorm(), 'selector': SelectKBestFilter(k=30), 'tamer__contamination': 0.02633920708294101, 'tamer__detector': 'statistical', 'tamer__mad_threshold': 3.875550592643135, 'tamer__remediation': 'shrink'}",0.27407475427449407,0.2767018794506469,0.29691566207097614,0.27064134991561406,0.2518134463940677,0.27402941842115974,0.014394114582003941,11,0.7294069425599277,0.6872462332885337,0.7359765155266322,0.7321355308764236,0.723696682464455,0.7216923809431944,0.017681428986927813,18
11.272011232376098,1.8715437439759413,0.30414614677429197,0.16621895812386442,SMOTESampler(k_neighbors=5),CatBoostEstimator(),,0.06020875231530056,,,,,,,,InterpolateImputer(),ZScoreNormalizationNorm(),SelectKBestFilter(k=40),0.09854081906545396,cluster,2.7805760660268866,cluster_local_median,,,,,7.0,228.0,3.9195333120826086,,,,,,"{'balancer': SMOTESampler(k_neighbors=5), 'classifier': CatBoostEstimator(), 'classifier__depth': 7, 'classifier__iterations': 228, 'classifier__l2_leaf_reg': 3.9195333120826086, 'classifier__learning_rate': 0.06020875231530056, 'imputer': InterpolateImputer(), 'normalizer': ZScoreNormalizationNorm(), 'selector': SelectKBestFilter(k=40), 'tamer__contamination': 0.09854081906545396, 'tamer__detector': 'cluster', 'tamer__mad_threshold': 2.7805760660268866, 'tamer__remediation': 'cluster_local_median'}",0.21750757411768318,0.21075661978462681,0.209066938225298,0.22506937980443653,0.19928032951909413,0.2123361682902277,0.008631522211228346,140,0.6678539122568974,0.6772724057437929,0.7076466011176346,0.6906415788356794,0.6935488434604229,0.6873926682828854,0.013732140465159519,97
123.89448580741882,3.0185546341266085,0.9448004245758057,0.24201077972304058,"FunctionSampler(func=<function _identity at 0x70fa04776fc0>, validate=False)",CatBoostEstimator(),,0.01805764915592472,,,,,,,,KNNImputerWrapper(),RobustScalerNorm(),TreeBasedSelection(),0.02098359499065547,cluster,2.8695602109498783,shrink,,,,,10.0,561.0,3.517094444751504,,,,,,"{'balancer': FunctionSampler(func=<function _identity at 0x70fa04776fc0>, validate=False), 'classifier': CatBoostEstimator(), 'classifier__depth': 10, 'classifier__iterations': 561, 'classifier__l2_leaf_reg': 3.517094444751504, 'classifier__learning_rate': 0.01805764915592472, 'imputer': KNNImputerWrapper(), 'normalizer': RobustScalerNorm(), 'selector': TreeBasedSelection(), 'tamer__contamination': 0.02098359499065547, 'tamer__detector': 'cluster', 'tamer__mad_threshold': 2.8695602109498783, 'tamer__remediation': 'shrink'}",0.25370439491157487,0.24131407720537607,0.22972985948969454,0.2500186306125329,0.24344543293766846,0.24364247903136937,0.008257344911096176,50,0.7109198326549073,0.6946381834901323,0.6933012661809436,0.7195161632595318,0.7090896229751715,0.7054930137121372,0.01005485685895194,39
12.173539352416991,1.9563416972948484,0.10251569747924805,0.045511769369853586,SMOTESampler(),CatBoostEstimator(),,0.05042413015642651,,,,,,,,MeanImputer(),ZScoreNormalizationNorm(),SelectKBestFilter(k=30),0.039816817591177514,statistical,3.014466370578301,none,,,,,3.0,740.0,1.083310030887776,,,,,,"{'balancer': SMOTESampler(), 'classifier': CatBoostEstimator(), 'classifier__depth': 3, 'classifier__iterations': 740, 'classifier__l2_leaf_reg': 1.083310030887776, 'classifier__learning_rate': 0.05042413015642651, 'imputer': MeanImputer(), 'normalizer': ZScoreNormalizationNorm(), 'selector': SelectKBestFilter(k=30), 'tamer__contamination': 0.039816817591177514, 'tamer__detector': 'statistical', 'tamer__mad_threshold': 3.014466370578301, 'tamer__remediation': 'none'}",0.24349186757461982,0.22725923818308166,0.2411087659697678,0.23957005403454196,0.2197477737956648,0.23423553991153523,0.00916451888554002,76,0.7029977951153323,0.6571620570135106,0.6879960387635283,0.6949706444082904,0.7009903091179176,0.6888233688837159,0.016672497920248046,88
26.011259031295776,0.6553786157097659,0.24091153144836425,0.07087452451739824,SMOTESampler(k_neighbors=5),CatBoostEstimator(),,0.03403663074496696,,,,,,,,ClassMeanImputer(),ZScoreNormalizationNorm(),SelectKBestFilter(k=20),0.012712192727915466,cluster,2.306148936679802,mad_replace,,,,,9.0,192.0,2.5332793648007907,,,,,,"{'balancer': SMOTESampler(k_neighbors=5), 'classifier': CatBoostEstimator(), 'classifier__depth': 9, 'classifier__iterations': 192, 'classifier__l2_leaf_reg': 2.5332793648007907, 'classifier__learning_rate': 0.03403663074496696, 'imputer': ClassMeanImputer(), 'normalizer': ZScoreNormalizationNorm(), 'selector': SelectKBestFilter(k=20), 'tamer__contamination': 0.012712192727915466, 'tamer__detector': 'cluster', 'tamer__mad_threshold': 2.306148936679802, 'tamer__remediation': 'mad_replace'}",0.21559271765082916,0.19546885434775135,0.2308918154228043,0.21803269765395178,0.19832107831761855,0.211661432678591,0.013160701249438309,144,0.6791327453640887,0.6536959751007992,0.7013864327650845,0.6880667751290939,0.6854000141472731,0.6815363885012679,0.015700088716671248,115
50.815772247314456,1.9808889912884575,0.5663134098052979,0.16407240836247675,SMOTESampler(),CatBoostEstimator(),,0.10295209358725227,,,,,,,,InterpolateImputer(),ZScoreNormalizationNorm(),SelectKBestFilter(k=40),0.01042375533563697,iforest,3.9895794803854994,percentile_clip,,,,,8.0,357.0,4.783323437643657,,,,,,"{'balancer': SMOTESampler(), 'classifier': CatBoostEstimator(), 'classifier__depth': 8, 'classifier__iterations': 357, 'classifier__l2_leaf_reg': 4.783323437643657, 'classifier__learning_rate': 0.10295209358725227, 'imputer': InterpolateImputer(), 'normalizer': ZScoreNormalizationNorm(), 'selector': SelectKBestFilter(k=40), 'tamer__contamination': 0.01042375533563697, 'tamer__detector': 'iforest', 'tamer__mad_threshold': 3.9895794803854994, 'tamer__remediation': 'percentile_clip'}",0.2132720928270599,0.22259160009739193,0.2259108423657597,0.2373722884523351,0.1989183488637794,0.21961303452126518,0.012902735312771049,115,0.6721223428312981,0.6456956921553372,0.6773007002900191,0.6982952535898705,0.6727240574379288,0.6732276092608908,0.016759823988107183,130
11.178236627578736,1.5847069897523318,0.30596108436584474,0.12680236945036236,BorderlineSMOTESampler(),CatBoostEstimator(),,0.17233272585296217,,,,,,,,IterativeModelImputer(),RobustScalerNorm(),SelectKBestFilter(),0.007911481429844441,cluster,2.0094707510106318,mad_replace,,,,,7.0,314.0,2.0661226228120566,,,,,,"{'balancer': BorderlineSMOTESampler(), 'classifier': CatBoostEstimator(), 'classifier__depth': 7, 'classifier__iterations': 314, 'classifier__l2_leaf_reg': 2.0661226228120566, 'classifier__learning_rate': 0.17233272585296217, 'imputer': IterativeModelImputer(), 'normalizer': RobustScalerNorm(), 'selector': SelectKBestFilter(), 'tamer__contamination': 0.007911481429844441, 'tamer__detector': 'cluster', 'tamer__mad_threshold': 2.0094707510106318, 'tamer__remediation': 'mad_replace'}",0.16416307853204745,0.16114053260016084,0.1922087734736423,0.205015138029372,0.16324328527657736,0.17715416158236,0.018008844379207273,196,0.6216361374943464,0.6108934002970927,0.6633161208177124,0.6190846714295819,0.6017825564122515,0.623342577290197,0.021160068002272457,192
7.412128019332886,0.697300454696952,0.38685359954833987,0.20101138375616093,BorderlineSMOTESampler(),CatBoostEstimator(),,0.029670050084482515,,,,,,,,MeanImputer(),ZScoreNormalizationNorm(),SelectKBestFilter(k=40),0.07245563160229145,iforest,3.1609011116714276,mad_replace,,,,,4.0,145.0,2.2921330570037,,,,,,"{'balancer': BorderlineSMOTESampler(), 'classifier': CatBoostEstimator(), 'classifier__depth': 4, 'classifier__iterations': 145, 'classifier__l2_leaf_reg': 2.2921330570037, 'classifier__learning_rate': 0.029670050084482515, 'imputer': MeanImputer(), 'normalizer': ZScoreNormalizationNorm(), 'selector': SelectKBestFilter(k=40), 'tamer__contamination': 0.07245563160229145, 'tamer__detector': 'iforest', 'tamer__mad_threshold': 3.1609011116714276, 'tamer__remediation': 'mad_replace'}",0.2451015916747195,0.21769485728118976,0.23120357789310797,0.2388210644203429,0.221272806413139,0.23081877953649982,0.010310638136880348,91,0.7099445952057892,0.6721015774209522,0.7110419466647804,0.6961236471670085,0.709542335714791,0.6997508204346643,0.014865486014622568,60
2.784721851348877,0.5590612659405443,0.32010087966918943,0.07660191306521806,"FunctionSampler(func=<function _identity at 0x70fa04776fc0>, validate=False)",CatBoostEstimator(),,0.27380334856560984,,,,,,,,IterativeModelImputer(),RobustScalerNorm(),SelectKBestFilter(),0.0054942705323356815,cluster,3.550232674180695,winsorize,,,,,6.0,104.0,4.291211913522932,,,,,,"{'balancer': FunctionSampler(func=<function _identity at 0x70fa04776fc0>, validate=False), 'classifier': CatBoostEstimator(), 'classifier__depth': 6, 'classifier__iterations': 104, 'classifier__l2_leaf_reg': 4.291211913522932, 'classifier__learning_rate': 0.27380334856560984, 'imputer': IterativeModelImputer(), 'normalizer': RobustScalerNorm(), 'selector': SelectKBestFilter(), 'tamer__contamination': 0.0054942705323356815, 'tamer__detector': 'cluster', 'tamer__mad_threshold': 3.550232674180695, 'tamer__remediation': 'winsorize'}",0.23315215388280403,0.23584511092425695,0.19951295303019312,0.255408528526184,0.21268818214130125,0.22732138570094787,0.019406075931935288,104,0.6538613749434645,0.6684798755039967,0.6691094291575298,0.7015279054962156,0.6774138784749238,0.6740784927152261,0.015680325369728274,127
14.799291467666626,0.9614791995513303,1.1546861171722411,0.18492774091318365,SMOTESampler(),CatBoostEstimator(),,0.04229387093201986,,,,,,,,KNNImputerWrapper(),RobustScalerNorm(),TreeBasedSelection(),0.02979883140710328,statistical,3.370713643850176,mad_replace,,,,,2.0,858.0,5.9851059216537426,,,,,,"{'balancer': SMOTESampler(), 'classifier': CatBoostEstimator(), 'classifier__depth': 2, 'classifier__iterations': 858, 'classifier__l2_leaf_reg': 5.9851059216537426, 'classifier__learning_rate': 0.04229387093201986, 'imputer': KNNImputerWrapper(), 'normalizer': RobustScalerNorm(), 'selector': TreeBasedSelection(), 'tamer__contamination': 0.02979883140710328, 'tamer__detector': 'statistical', 'tamer__mad_threshold': 3.370713643850176, 'tamer__remediation': 'mad_replace'}",0.23060375253158857,0.18860741393384942,0.22242130376760946,0.23233169513719243,0.20379523472619135,0.21555188001928624,0.016849528214930222,129,0.7054924242424242,0.6498549904505907,0.7080215038551319,0.6681332673127254,0.6937822734667891,0.6850568918655322,0.022568560444472505,106
19.0422278881073,1.086490013027851,0.9191490650177002,0.14505415316500453,SMOTESampler(k_neighbors=5),CatBoostEstimator(),,0.07987099400983516,,,,,,,,KNNImputerWrapper(),ZScoreNormalizationNorm(),SelectKBestFilter(k=30),0.07812541923155537,iforest,2.4208986175274716,cluster_local_median,,,,,8.0,176.0,1.537772233749497,,,,,,"{'balancer': SMOTESampler(k_neighbors=5), 'classifier': CatBoostEstimator(), 'classifier__depth': 8, 'classifier__iterations': 176, 'classifier__l2_leaf_reg': 1.537772233749497, 'classifier__learning_rate': 0.07987099400983516, 'imputer': KNNImputerWrapper(), 'normalizer': ZScoreNormalizationNorm(), 'selector': SelectKBestFilter(k=30), 'tamer__contamination': 0.07812541923155537, 'tamer__detector': 'iforest', 'tamer__mad_threshold': 2.4208986175274716, 'tamer__remediation': 'cluster_local_median'}",0.2060207691719097,0.21090298615867517,0.17446569116402816,0.2046509974886942,0.1798132885098177,0.19517074649862498,0.014964306518201596,178,0.6699669267299864,0.6469265049161774,0.6707292919289807,0.6713517719459574,0.6544952960316899,0.6626939583105583,0.010082172807897735,153
14.549626016616822,1.6025886636091713,0.42505526542663574,0.164201385539028,SMOTESampler(k_neighbors=5),CatBoostEstimator(),,0.1994946688529677,,,,,,,,MeanImputer(),RobustScalerNorm(),SelectKBestFilter(k=20),0.0332140224533906,cluster,2.1581580275132906,winsorize,,,,,6.0,476.0,3.1119700174285687,,,,,,"{'balancer': SMOTESampler(k_neighbors=5), 'classifier': CatBoostEstimator(), 'classifier__depth': 6, 'classifier__iterations': 476, 'classifier__l2_leaf_reg': 3.1119700174285687, 'classifier__learning_rate': 0.1994946688529677, 'imputer': MeanImputer(), 'normalizer': RobustScalerNorm(), 'selector': SelectKBestFilter(k=20), 'tamer__contamination': 0.0332140224533906, 'tamer__detector': 'cluster', 'tamer__mad_threshold': 2.1581580275132906, 'tamer__remediation': 'winsorize'}",0.19612346903822186,0.2316655776430481,0.18243141745028257,0.2270165689341803,0.17937485844038814,0.2033223783012242,0.022029488718619348,164,0.6619600859339666,0.6644337553936479,0.6443375539364786,0.6858668741600055,0.6179245950343071,0.6549045728916811,0.022708722267919937,169
10.606184577941894,0.5447086906181763,0.23502559661865235,0.06662432372034423,BorderlineSMOTESampler(),CatBoostEstimator(),,0.010501462017035884,,,,,,,,IterativeModelImputer(),ZScoreNormalizationNorm(),SelectKBestFilter(),0.06358790107567829,cluster,2.6992093322595556,percentile_clip,,,,,9.0,202.0,5.3619803535627675,,,,,,"{'balancer': BorderlineSMOTESampler(), 'classifier': CatBoostEstimator(), 'classifier__depth': 9, 'classifier__iterations': 202, 'classifier__l2_leaf_reg': 5.3619803535627675, 'classifier__learning_rate': 0.010501462017035884, 'imputer': IterativeModelImputer(), 'normalizer': ZScoreNormalizationNorm(), 'selector': SelectKBestFilter(), 'tamer__contamination': 0.06358790107567829, 'tamer__detector': 'cluster', 'tamer__mad_threshold': 2.6992093322595556, 'tamer__remediation': 'percentile_clip'}",0.27035782700821454,0.22831530998796826,0.2621838106065126,0.2598872832680506,0.23715804324781656,0.2515804548237125,0.016020594113255036,31,0.7052874830393486,0.6771097121029921,0.7047747046756737,0.7076324538445214,0.7072504774704675,0.7004109662266007,0.011702135451965016,56
5.6422646045684814,0.6820212872122331,0.4584817886352539,0.09780899934794404,SMOTESampler(),CatBoostEstimator(),,0.019901527321423168,,,,,,,,KNNImputerWrapper(),RobustScalerNorm(),SelectKBestFilter(k=40),0.015710944690998953,iforest,3.247492051111623,none,,,,,2.0,343.0,8.770477598556024,,,,,,"{'balancer': SMOTESampler(), 'classifier': CatBoostEstimator(), 'classifier__depth': 2, 'classifier__iterations': 343, 'classifier__l2_leaf_reg': 8.770477598556024, 'classifier__learning_rate': 0.019901527321423168, 'imputer': KNNImputerWrapper(), 'normalizer': RobustScalerNorm(), 'selector': SelectKBestFilter(k=40), 'tamer__contamination': 0.015710944690998953, 'tamer__detector': 'iforest', 'tamer__mad_threshold': 3.247492051111623, 'tamer__remediation': 'none'}",0.2432218636333494,0.2185706728631773,0.2269202886501463,0.2660426171594123,0.23718718446294595,0.23838852535380628,0.016210002485409675,65,0.7004183627317956,0.6749593265897998,0.6943764589375397,0.7043290655726109,0.7169201386432766,0.6982006704950046,0.013767196761830415,66
19.187171268463135,0.9762163433714193,0.23043327331542968,0.05969841200661389,"FunctionSampler(func=<function _identity at 0x70fa04776fc0>, validate=False)",CatBoostEstimator(),,0.014405154287350223,,,,,,,,ClassMeanImputer(),ZScoreNormalizationNorm(),SelectKBestFilter(k=20),0.12655240983371843,statistical,2.5828620380764917,winsorize,,,,,8.0,571.0,1.9483652046279776,,,,,,"{'balancer': FunctionSampler(func=<function _identity at 0x70fa04776fc0>, validate=False), 'classifier': CatBoostEstimator(), 'classifier__depth': 8, 'classifier__iterations': 571, 'classifier__l2_leaf_reg': 1.9483652046279776, 'classifier__learning_rate': 0.014405154287350223, 'imputer': ClassMeanImputer(), 'normalizer': ZScoreNormalizationNorm(), 'selector': SelectKBestFilter(k=20), 'tamer__contamination': 0.12655240983371843, 'tamer__detector': 'statistical', 'tamer__mad_threshold': 2.5828620380764917, 'tamer__remediation': 'winsorize'}",0.2541240557267809,0.2552385644591093,0.2546164757973914,0.2534132898462442,0.22660304122162497,0.24879908541023013,0.011114130558973846,36,0.7080223880597015,0.682089552238806,0.7096908820824787,0.7096908820824785,0.7118766357784537,0.7042740680483838,0.01115961853526264,44
17.39972972869873,1.5757435028635816,0.5867477893829346,0.1251332418253254,BorderlineSMOTESampler(),CatBoostEstimator(),,0.13963678989833522,,,,,,,,IterativeModelImputer(),RobustScalerNorm(),TreeBasedSelection(),0.006525676471676682,statistical,2.2565276753214456,shrink,,,,,4.0,950.0,9.7313717191256,,,,,,"{'balancer': BorderlineSMOTESampler(), 'classifier': CatBoostEstimator(), 'classifier__depth': 4, 'classifier__iterations': 950, 'classifier__l2_leaf_reg': 9.7313717191256, 'classifier__learning_rate': 0.13963678989833522, 'imputer': IterativeModelImputer(), 'normalizer': RobustScalerNorm(), 'selector': TreeBasedSelection(), 'tamer__contamination': 0.006525676471676682, 'tamer__detector': 'statistical', 'tamer__mad_threshold': 2.2565276753214456, 'tamer__remediation': 'shrink'}",0.19524377898532083,0.19423008903813238,0.21944590217071402,0.18592757346275562,0.1681246894960777,0.1925944066306001,0.016576556727405347,180,0.6562287991858887,0.6489283440616822,0.6834052486383251,0.6611232934851807,0.628895805333522,0.6557162981409198,0.01767252891147858,168
34.95674619674683,0.5441177712896187,0.34599895477294923,0.06072173418761304,BorderlineSMOTESampler(),CatBoostEstimator(),,0.012996383605240022,,,,,,,,MeanImputer(),ZScoreNormalizationNorm(),SelectKBestFilter(k=20),0.00837716220973512,iforest,2.9043148276002198,percentile_clip,,,,,10.0,276.0,1.7284006731498749,,,,,,"{'balancer': BorderlineSMOTESampler(), 'classifier': CatBoostEstimator(), 'classifier__depth': 10, 'classifier__iterations': 276, 'classifier__l2_leaf_reg': 1.7284006731498749, 'classifier__learning_rate': 0.012996383605240022, 'imputer': MeanImputer(), 'normalizer': ZScoreNormalizationNorm(), 'selector': SelectKBestFilter(k=20), 'tamer__contamination': 0.00837716220973512, 'tamer__detector': 'iforest', 'tamer__mad_threshold': 2.9043148276002198, 'tamer__remediation': 'percentile_clip'}",0.2498400052713113,0.23914063822431317,0.23837377332321597,0.2472502764712266,0.2202594223530796,0.2389728231286293,0.010365232971073552,62,0.7104251469923111,0.6847916814034094,0.7107731484756313,0.7222112187875787,0.706783617457735,0.7069969626233331,0.012252392815329308,35
6.29856686592102,1.2008068181791227,0.24180078506469727,0.061166437622445606,"FunctionSampler(func=<function _identity at 0x70fa04776fc0>, validate=False)",CatBoostEstimator(),,0.11069787054842155,,,,,,,,ClassMeanImputer(),RobustScalerNorm(),SelectKBestFilter(),0.016776505064976185,iforest,3.6888087516734123,none,,,,,3.0,694.0,7.423889949954845,,,,,,"{'balancer': FunctionSampler(func=<function _identity at 0x70fa04776fc0>, validate=False), 'classifier': CatBoostEstimator(), 'classifier__depth': 3, 'classifier__iterations': 694, 'classifier__l2_leaf_reg': 7.423889949954845, 'classifier__learning_rate': 0.11069787054842155, 'imputer': ClassMeanImputer(), 'normalizer': RobustScalerNorm(), 'selector': SelectKBestFilter(), 'tamer__contamination': 0.016776505064976185, 'tamer__detector': 'iforest', 'tamer__mad_threshold': 3.6888087516734123, 'tamer__remediation': 'none'}",0.24476350903450605,0.2202959995746712,0.19307617279305883,0.23757197920462514,0.19665123320116268,0.21847177876160478,0.02088288069374697,116,0.6863763568521032,0.6503642922826625,0.6605361816509867,0.6756313220626725,0.64154346749664,0.662890324069013,0.01632212308568527,152
3.13965048789978,0.14385028238316,0.7011584281921387,0.08824763574351975,SMOTESampler(),LogisticRegressionEstimator(),,,,,,,,,,IterativeModelImputer(),ZScoreNormalizationNorm(),TreeBasedSelection(),0.029921604622676443,cluster,2.806066516691601,mad_replace,,,,,,,,1.6175398648276917,l2,,,,"{'balancer': SMOTESampler(), 'classifier': LogisticRegressionEstimator(), 'classifier__C': 1.6175398648276917, 'classifier__penalty': 'l2', 'imputer': IterativeModelImputer(), 'normalizer': ZScoreNormalizationNorm(), 'selector': TreeBasedSelection(), 'tamer__contamination': 0.029921604622676443, 'tamer__detector': 'cluster', 'tamer__mad_threshold': 2.806066516691601, 'tamer__remediation': 'mad_replace'}",0.23559780702710253,0.2200518441750524,0.24985251449256543,0.21594526117656165,0.2268760726146042,0.22966469989717725,0.012092609763133547,96,0.7098951266395296,0.6982103699511919,0.7067836174577351,0.6874796632949,0.7211148051213129,0.7046967164929339,0.011308685778479507,42
2.8898917198181153,0.3966491454346842,0.412701416015625,0.1021881835884406,SMOTESampler(),LogisticRegressionEstimator(),,,,,,,,,,IterativeModelImputer(),ZScoreNormalizationNorm(),SelectKBestFilter(k=20),0.014053773686005579,iforest,3.57407186233124,winsorize,,,,,,,,2.3375184284254216,l2,,,,"{'balancer': SMOTESampler(), 'classifier': LogisticRegressionEstimator(), 'classifier__C': 2.3375184284254216, 'classifier__penalty': 'l2', 'imputer': IterativeModelImputer(), 'normalizer': ZScoreNormalizationNorm(), 'selector': SelectKBestFilter(k=20), 'tamer__contamination': 0.014053773686005579, 'tamer__detector': 'iforest', 'tamer__mad_threshold': 3.57407186233124, 'tamer__remediation': 'winsorize'}",0.2537227207120351,0.3020978418908567,0.2575177163218523,0.27441203975438844,0.2834884243578786,0.27424774860740225,0.017676060229500676,10,0.7356965174129354,0.7157671358845584,0.7370941501025676,0.7279125698521609,0.7479663294899908,0.7328873405484426,0.010684702897075569,9
1.0125974655151366,0.11949007013114707,0.08281121253967286,0.02633565665044401,SMOTESampler(k_neighbors=5),LogisticRegressionEstimator(),,,,,,,,,,MeanImputer(),RobustScalerNorm(),SelectKBestFilter(k=30),0.006115009174880287,cluster,3.0646687514316784,none,,,,,,,,0.17674990455100761,l1,,,,"{'balancer': SMOTESampler(k_neighbors=5), 'classifier': LogisticRegressionEstimator(), 'classifier__C': 0.17674990455100761, 'classifier__penalty': 'l1', 'imputer': MeanImputer(), 'normalizer': RobustScalerNorm(), 'selector': SelectKBestFilter(k=30), 'tamer__contamination': 0.006115009174880287, 'tamer__detector': 'cluster', 'tamer__mad_threshold': 3.0646687514316784, 'tamer__remediation': 'none'}",0.2564514756189777,0.3140551525701709,0.25298253380707214,0.2691965877199053,0.2729824130794535,0.27313363255911594,0.021791994541584214,13,0.7262550881953868,0.729751715356865,0.7360331046190847,0.7334936690952819,0.739357713800665,0.7329782582134567,0.004602320771644281,8
2.3830469131469725,0.1627012419305515,0.2222949504852295,0.06496894250151669,"FunctionSampler(func=<function _identity at 0x70fa04776fc0>, validate=False)",LogisticRegressionEstimator(),,,,,,,,,,InterpolateImputer(),RobustScalerNorm(),SelectKBestFilter(),0.005317060590318042,iforest,2.500216042026929,none,,,,,,,,6.259816595116811,l1,,,,"{'balancer': FunctionSampler(func=<function _identity at 0x70fa04776fc0>, validate=False), 'classifier': LogisticRegressionEstimator(), 'classifier__C': 6.259816595116811, 'classifier__penalty': 'l1', 'imputer': InterpolateImputer(), 'normalizer': RobustScalerNorm(), 'selector': SelectKBestFilter(), 'tamer__contamination': 0.005317060590318042, 'tamer__detector': 'iforest', 'tamer__mad_threshold': 2.500216042026929, 'tamer__remediation': 'none'}",0.2615302276106733,0.2707137928190717,0.2532747885233776,0.2620393576611787,0.28073768551195416,0.26565917042525106,0.009342750698466611,21,0.7223824061510629,0.7002263563698097,0.7211501733040957,0.7132559949069818,0.7509726250265261,0.7215975111516952,0.016673455769223935,19
1.541576337814331,0.33124992246291807,0.22971267700195314,0.06295030178965047,SMOTESampler(),LogisticRegressionEstimator(),,,,,,,,,,MeanImputer(),ZScoreNormalizationNorm(),SelectKBestFilter(k=30),0.03760288987340083,cluster,2.017840873304195,winsorize,,,,,,,,0.009431699017752515,l2,,,,"{'balancer': SMOTESampler(), 'classifier': LogisticRegressionEstimator(), 'classifier__C': 0.009431699017752515, 'classifier__penalty': 'l2', 'imputer': MeanImputer(), 'normalizer': ZScoreNormalizationNorm(), 'selector': SelectKBestFilter(k=30), 'tamer__contamination': 0.03760288987340083, 'tamer__detector': 'cluster', 'tamer__mad_threshold': 2.017840873304195, 'tamer__remediation': 'winsorize'}",0.26550130933959565,0.32420178176360714,0.26482236451159985,0.27618895157643514,0.28043736509499484,0.28223035445724654,0.0218367265598609,2,0.7324386589778381,0.7184621914126053,0.7413241847633868,0.732588243616043,0.7563273678998373,0.7362281293339421,0.012435325292992495,2
1.5548420906066895,0.17907355468344302,0.2887683868408203,0.049538272165086286,BorderlineSMOTESampler(),LogisticRegressionEstimator(),,,,,,,,,,IterativeModelImputer(),RobustScalerNorm(),SelectKBestFilter(),0.0270837096611849,statistical,2.2821593546765175,percentile_clip,,,,,,,,19.822689540108954,l1,,,,"{'balancer': BorderlineSMOTESampler(), 'classifier': LogisticRegressionEstimator(), 'classifier__C': 19.822689540108954, 'classifier__penalty': 'l1', 'imputer': IterativeModelImputer(), 'normalizer': RobustScalerNorm(), 'selector': SelectKBestFilter(), 'tamer__contamination': 0.0270837096611849, 'tamer__detector': 'statistical', 'tamer__mad_threshold': 2.2821593546765175, 'tamer__remediation': 'percentile_clip'}",0.2578862923134917,0.27902523653260314,0.25354528239731666,0.28028654928645114,0.2749466802955859,0.2691380081650897,0.011185009005984103,17,0.7245590230664858,0.701506684586546,0.7232368960882789,0.7166088986347882,0.7490910377024829,0.7230005080157164,0.015401543454492425,17
1.3800575256347656,0.1493780783031194,0.5852770805358887,0.09310355014743213,"FunctionSampler(func=<function _identity at 0x70fa04776fc0>, validate=False)",LogisticRegressionEstimator(),,,,,,,,,,KNNImputerWrapper(),RobustScalerNorm(),SelectKBestFilter(k=40),0.012046574145161826,statistical,2.408522928166182,cluster_local_median,,,,,,,,0.003644561612937543,l1,,,,"{'balancer': FunctionSampler(func=<function _identity at 0x70fa04776fc0>, validate=False), 'classifier': LogisticRegressionEstimator(), 'classifier__C': 0.003644561612937543, 'classifier__penalty': 'l1', 'imputer': KNNImputerWrapper(), 'normalizer': RobustScalerNorm(), 'selector': SelectKBestFilter(k=40), 'tamer__contamination': 0.012046574145161826, 'tamer__detector': 'statistical', 'tamer__mad_threshold': 2.408522928166182, 'tamer__remediation': 'cluster_local_median'}",0.20593397834958455,0.18469315330608832,0.1898099168318698,0.20993416056137937,0.18294540355489036,0.1946633225207625,0.011139978663493663,179,0.6703132066938037,0.6571762042866237,0.6821956567871543,0.6773926575652542,0.6594998938954517,0.6693155238456575,0.009755439051688863,140
1.2845867156982422,0.18622409391769892,0.17034807205200195,0.022670977293373966,"FunctionSampler(func=<function _identity at 0x70fa04776fc0>, validate=False)",LogisticRegressionEstimator(),,,,,,,,,,ClassMeanImputer(),ZScoreNormalizationNorm(),SelectKBestFilter(),0.1465447417303523,statistical,2.966376798128464,mad_replace,,,,,,,,0.311297437067986,l2,,,,"{'balancer': FunctionSampler(func=<function _identity at 0x70fa04776fc0>, validate=False), 'classifier': LogisticRegressionEstimator(), 'classifier__C': 0.311297437067986, 'classifier__penalty': 'l2', 'imputer': ClassMeanImputer(), 'normalizer': ZScoreNormalizationNorm(), 'selector': SelectKBestFilter(), 'tamer__contamination': 0.1465447417303523, 'tamer__detector': 'statistical', 'tamer__mad_threshold': 2.966376798128464, 'tamer__remediation': 'mad_replace'}",0.26572242328592627,0.2020494235410373,0.223552117988141,0.22248172679742104,0.23882408447683776,0.23052595521787267,0.021127740942150017,93,0.7188560040705562,0.6756313220626724,0.6986277145080285,0.6988965126971777,0.7260239088915611,0.7036070924459992,0.01768994324494765,47
2.4355126857757567,0.31572867567152607,0.367519474029541,0.10039398274438167,BorderlineSMOTESampler(),LogisticRegressionEstimator(),,,,,,,,,,ClassMeanImputer(),ZScoreNormalizationNorm(),SelectKBestFilter(k=40),0.04011300851378857,iforest,3.3195846034206262,percentile_clip,,,,,,,,33.408355911061136,l2,,,,"{'balancer': BorderlineSMOTESampler(), 'classifier': LogisticRegressionEstimator(), 'classifier__C': 33.408355911061136, 'classifier__penalty': 'l2', 'imputer': ClassMeanImputer(), 'normalizer': ZScoreNormalizationNorm(), 'selector': SelectKBestFilter(k=40), 'tamer__contamination': 0.04011300851378857, 'tamer__detector': 'iforest', 'tamer__mad_threshold': 3.3195846034206262, 'tamer__remediation': 'percentile_clip'}",0.23796249236362033,0.3190917416254362,0.266011125950141,0.2716941022607301,0.2626446042742415,0.2714808132948338,0.02645116215305801,14,0.7077185097241068,0.7214967814953667,0.7438423993775201,0.7315201244960033,0.7487232086015421,0.7306602047389079,0.01490685427387588,11
7.1576313972473145,1.2556059530543262,0.416765832901001,0.06981124650498192,SMOTESampler(k_neighbors=5),LogisticRegressionEstimator(),,,,,,,,,,InterpolateImputer(),ZScoreNormalizationNorm(),TreeBasedSelection(),0.10685240773425489,statistical,3.453763014356737,shrink,,,,,,,,11.952993937066882,l1,,,,"{'balancer': SMOTESampler(k_neighbors=5), 'classifier': LogisticRegressionEstimator(), 'classifier__C': 11.952993937066882, 'classifier__penalty': 'l1', 'imputer': InterpolateImputer(), 'normalizer': ZScoreNormalizationNorm(), 'selector': TreeBasedSelection(), 'tamer__contamination': 0.10685240773425489, 'tamer__detector': 'statistical', 'tamer__mad_threshold': 3.453763014356737, 'tamer__remediation': 'shrink'}",0.26091048130417716,0.31228112793243795,0.26287173535502173,0.25927503367628907,0.2873027257753633,0.27652822080865785,0.020603136525679452,5,0.7308627317955677,0.7226922260734244,0.7400862983659899,0.7173587041097829,0.7391172101577421,0.7300234341005014,0.008930894890210251,13
1.5317177772521973,0.3040120028619341,0.20258173942565919,0.05170259681921619,SMOTESampler(),LogisticRegressionEstimator(),,,,,,,,,,MeanImputer(),RobustScalerNorm(),SelectKBestFilter(k=30),0.016646529793882866,statistical,2.1383662355579904,cluster_local_median,,,,,,,,0.0019648794814950033,l1,,,,"{'balancer': SMOTESampler(), 'classifier': LogisticRegressionEstimator(), 'classifier__C': 0.0019648794814950033, 'classifier__penalty': 'l1', 'imputer': MeanImputer(), 'normalizer': RobustScalerNorm(), 'selector': SelectKBestFilter(k=30), 'tamer__contamination': 0.016646529793882866, 'tamer__detector': 'statistical', 'tamer__mad_threshold': 2.1383662355579904, 'tamer__remediation': 'cluster_local_median'}",0.19871727751020074,0.18342185421476423,0.17183440015741636,0.18467903677143288,0.17503317325711648,0.1827371483821861,0.009357621825249096,194,0.6672814902758932,0.6583079861356723,0.6642003253872817,0.6680731414019947,0.6536004810072858,0.6622926848416256,0.0055384687673337984,154
1.1727747440338134,0.14870196712030126,0.19127182960510253,0.048735368092391436,BorderlineSMOTESampler(),LogisticRegressionEstimator(),,,,,,,,,,MeanImputer(),ZScoreNormalizationNorm(),SelectKBestFilter(),0.07655073138392972,cluster,3.763814468755894,shrink,,,,,,,,0.02754464143025686,l2,,,,"{'balancer': BorderlineSMOTESampler(), 'classifier': LogisticRegressionEstimator(), 'classifier__C': 0.02754464143025686, 'classifier__penalty': 'l2', 'imputer': MeanImputer(), 'normalizer': ZScoreNormalizationNorm(), 'selector': SelectKBestFilter(), 'tamer__contamination': 0.07655073138392972, 'tamer__detector': 'cluster', 'tamer__mad_threshold': 3.763814468755894, 'tamer__remediation': 'shrink'}",0.2773081335045857,0.26113248765364583,0.2643729470776832,0.2522736850747313,0.28537379616809694,0.2680922098957486,0.011799007154525707,18,0.7281914292175485,0.7020655018745138,0.7259319516163261,0.7148829313149889,0.7476904576642851,0.7237524543375324,0.015142490253759222,16
1.9548381328582765,0.26862604441741156,0.5607958793640136,0.06560803821549578,"FunctionSampler(func=<function _identity at 0x70fa04776fc0>, validate=False)",LogisticRegressionEstimator(),,,,,,,,,,KNNImputerWrapper(),RobustScalerNorm(),SelectKBestFilter(k=20),0.007762433081385958,iforest,2.711128307904885,mad_replace,,,,,,,,0.5735167810206598,l2,,,,"{'balancer': FunctionSampler(func=<function _identity at 0x70fa04776fc0>, validate=False), 'classifier': LogisticRegressionEstimator(), 'classifier__C': 0.5735167810206598, 'classifier__penalty': 'l2', 'imputer': KNNImputerWrapper(), 'normalizer': RobustScalerNorm(), 'selector': SelectKBestFilter(k=20), 'tamer__contamination': 0.007762433081385958, 'tamer__detector': 'iforest', 'tamer__mad_threshold': 2.711128307904885, 'tamer__remediation': 'mad_replace'}",0.2475201979151962,0.235331571625162,0.20606334757119044,0.21457022183896432,0.22675949536173629,0.22604896686244985,0.014689260911419592,107,0.7208771483491632,0.6931880879960387,0.6812336422154629,0.689078305156681,0.7258612152507605,0.7020476797936213,0.017897231979558517,51
1.7341359615325929,0.17083628418193642,0.37685379981994627,0.0589832926564307,BorderlineSMOTESampler(),LogisticRegressionEstimator(),,,,,,,,,,KNNImputerWrapper(),ZScoreNormalizationNorm(),SelectKBestFilter(k=30),0.008892192863803073,iforest,2.6468723773409506,shrink,,,,,,,,0.04520920593478612,l1,,,,"{'balancer': BorderlineSMOTESampler(), 'classifier': LogisticRegressionEstimator(), 'classifier__C': 0.04520920593478612, 'classifier__penalty': 'l1', 'imputer': KNNImputerWrapper(), 'normalizer': ZScoreNormalizationNorm(), 'selector': SelectKBestFilter(k=30), 'tamer__contamination': 0.008892192863803073, 'tamer__detector': 'iforest', 'tamer__mad_threshold': 2.6468723773409506, 'tamer__remediation': 'shrink'}",0.27419306543872723,0.28700975547576824,0.2602774368310017,0.2752554372347778,0.2727199717385267,0.2738911333437603,0.008494175498381164,12,0.7314280868385346,0.7209662587536252,0.7318101435948221,0.7354884346042301,0.7489637122444648,0.7337313272071354,0.009022813481624856,7
2.693479299545288,0.8780026958237209,0.14098014831542968,0.03739880694822019,SMOTESampler(),LogisticRegressionEstimator(),,,,,,,,,,InterpolateImputer(),RobustScalerNorm(),SelectKBestFilter(k=40),0.0710259881290796,cluster,3.9737992242362923,percentile_clip,,,,,,,,83.64217292925738,l1,,,,"{'balancer': SMOTESampler(), 'classifier': LogisticRegressionEstimator(), 'classifier__C': 83.64217292925738, 'classifier__penalty': 'l1', 'imputer': InterpolateImputer(), 'normalizer': RobustScalerNorm(), 'selector': SelectKBestFilter(k=40), 'tamer__contamination': 0.0710259881290796, 'tamer__detector': 'cluster', 'tamer__mad_threshold': 3.9737992242362923, 'tamer__remediation': 'percentile_clip'}",0.2454370105467817,0.31870010471801474,0.26521588447251054,0.27403328240179375,0.2691450073456206,0.2745062578969443,0.024138744747843378,8,0.7165380483943916,0.723031760628139,0.741989106599703,0.7324396972483553,0.7472731131074486,0.7322543451956075,0.011422971380651263,10
0.8341618061065674,0.3547829455225852,0.08761124610900879,0.016947571502564863,SMOTESampler(k_neighbors=5),LogisticRegressionEstimator(),,,,,,,,,,IterativeModelImputer(),RobustScalerNorm(),SelectKBestFilter(k=20),0.02034836016396374,cluster,3.8700108279378442,none,,,,,,,,0.39601458485241403,l1,,,,"{'balancer': SMOTESampler(k_neighbors=5), 'classifier': LogisticRegressionEstimator(), 'classifier__C': 0.39601458485241403, 'classifier__penalty': 'l1', 'imputer': IterativeModelImputer(), 'normalizer': RobustScalerNorm(), 'selector': SelectKBestFilter(k=20), 'tamer__contamination': 0.02034836016396374, 'tamer__detector': 'cluster', 'tamer__mad_threshold': 3.8700108279378442, 'tamer__remediation': 'none'}",0.25127345437525495,0.3011094844869554,0.2477094622432135,0.27634375760545715,0.273483774449014,0.269983986631979,0.019327339560297082,16,0.7306931252826775,0.7208389332956073,0.726915187097687,0.730034660819127,0.7431491829949776,0.7303262178980152,0.007297832016221772,12
1.5127432346343994,0.1611230159438077,0.163330602645874,0.008820152125463655,"FunctionSampler(func=<function _identity at 0x70fa04776fc0>, validate=False)",LogisticRegressionEstimator(),,,,,,,,,,InterpolateImputer(),ZScoreNormalizationNorm(),SelectKBestFilter(k=20),0.047793443613496016,iforest,3.695042971296944,winsorize,,,,,,,,4.01994682693257,l2,,,,"{'balancer': FunctionSampler(func=<function _identity at 0x70fa04776fc0>, validate=False), 'classifier': LogisticRegressionEstimator(), 'classifier__C': 4.01994682693257, 'classifier__penalty': 'l2', 'imputer': InterpolateImputer(), 'normalizer': ZScoreNormalizationNorm(), 'selector': SelectKBestFilter(k=20), 'tamer__contamination': 0.047793443613496016, 'tamer__detector': 'iforest', 'tamer__mad_threshold': 3.695042971296944, 'tamer__remediation': 'winsorize'}",0.2521742517277556,0.31776488047536405,0.25952258807794754,0.2766632517124763,0.2862415688388329,0.2784733081664753,0.023057406593915496,4,0.733159486657621,0.7196647096272194,0.731336209945533,0.7350993845936196,0.7525429723420811,0.7343605526332148,0.0105612808783993,5
0.9004780292510987,0.21054350816692982,0.5642489910125732,0.05074921174038634,SMOTESampler(k_neighbors=5),LogisticRegressionEstimator(),,,,,,,,,,KNNImputerWrapper(),RobustScalerNorm(),TreeBasedSelection(),0.010475392330538177,cluster,3.1725433150864397,percentile_clip,,,,,,,,0.06084106114127848,l1,,,,"{'balancer': SMOTESampler(k_neighbors=5), 'classifier': LogisticRegressionEstimator(), 'classifier__C': 0.06084106114127848, 'classifier__penalty': 'l1', 'imputer': KNNImputerWrapper(), 'normalizer': RobustScalerNorm(), 'selector': TreeBasedSelection(), 'tamer__contamination': 0.010475392330538177, 'tamer__detector': 'cluster', 'tamer__mad_threshold': 3.1725433150864397, 'tamer__remediation': 'percentile_clip'}",0.2712386680676049,0.3129241458161973,0.27285055695641697,0.2772233002649898,0.2847578833204426,0.2837989108851303,0.015297475257916329,1,0.7365162822252375,0.717450661385018,0.744224375751574,0.7312796208530806,0.751481926858598,0.7361905734147016,0.01160840483706639,3
1.6393341064453124,0.14085258334126458,0.26550874710083006,0.03356297804475726,SMOTESampler(k_neighbors=5),LogisticRegressionEstimator(),,,,,,,,,,ClassMeanImputer(),ZScoreNormalizationNorm(),TreeBasedSelection(),0.055470175634693704,statistical,2.323167576158225,cluster_local_median,,,,,,,,0.001039903674570102,l2,,,,"{'balancer': SMOTESampler(k_neighbors=5), 'classifier': LogisticRegressionEstimator(), 'classifier__C': 0.001039903674570102, 'classifier__penalty': 'l2', 'imputer': ClassMeanImputer(), 'normalizer': ZScoreNormalizationNorm(), 'selector': TreeBasedSelection(), 'tamer__contamination': 0.055470175634693704, 'tamer__detector': 'statistical', 'tamer__mad_threshold': 2.323167576158225, 'tamer__remediation': 'cluster_local_median'}",0.2592376899211552,0.22213923228051868,0.2364319259745423,0.2333161129295619,0.2345807256520521,0.23714113735156603,0.012124391051913243,68,0.7207075418362733,0.6831788922685154,0.6984155054113319,0.6972978708353965,0.7364928909952606,0.7072185402693556,0.01893546172887989,34
3.099593925476074,0.42484355393236567,0.1992136001586914,0.03905793312131622,BorderlineSMOTESampler(),LogisticRegressionEstimator(),,,,,,,,,,ClassMeanImputer(),RobustScalerNorm(),SelectKBestFilter(k=40),0.09544315882495324,iforest,3.2020213398924016,shrink,,,,,,,,0.011066382024518071,l2,,,,"{'balancer': BorderlineSMOTESampler(), 'classifier': LogisticRegressionEstimator(), 'classifier__C': 0.011066382024518071, 'classifier__penalty': 'l2', 'imputer': ClassMeanImputer(), 'normalizer': RobustScalerNorm(), 'selector': SelectKBestFilter(k=40), 'tamer__contamination': 0.09544315882495324, 'tamer__detector': 'iforest', 'tamer__mad_threshold': 3.2020213398924016, 'tamer__remediation': 'shrink'}",0.26813453585086733,0.29798677289816994,0.27089255190205497,0.2540271502635175,0.2812877868080659,0.2744657595445351,0.01463124793600233,9,0.7150610583446404,0.7147626794935276,0.7424135247930962,0.7184409705029355,0.7429299002617245,0.7267216266791848,0.013088149887031416,15
70.23540635108948,4.181476882160465,0.3073258876800537,0.02368222759405175,SMOTESampler(k_neighbors=5),"CalibratedClassifierCV(cv=3,
                       estimator=StackingClassifier(estimators=[('xgb',
                                                                 XGBoostEstimator(colsample_bytree=0.9,
                                                                                  n_estimators=300,
                                                                                  subsample=0.9)),
                                                                ('lgbm',
                                                                 LightGBMEstimator(learning_rate=0.05,
                                                                                   n_estimators=300,
                                                                                   reg_lambda=1.0)),
                                                                ('lr',
                                                                 LogisticRegressionEstimator())],
                                                    final_estimator=LogisticRegression(class_weight='balanced',
                                                                                       max_iter=2000,
                                                                                       random_state=42),
                                                    n_jobs=1,
                                                    stack_method='predict_proba'),
                       method='isotonic')",,,,,,,,,,MeanImputer(),ZScoreNormalizationNorm(),SelectKBestFilter(k=30),0.1041659813242575,cluster,3.295394891089674,cluster_local_median,,,,,,,,,,0.053562390027608195,3.0,6.987165240321487,"{'balancer': SMOTESampler(k_neighbors=5), 'classifier': CalibratedClassifierCV(cv=3,
                       estimator=StackingClassifier(estimators=[('xgb',
                                                                 XGBoostEstimator(colsample_bytree=0.9,
                                                                                  n_estimators=300,
                                                                                  subsample=0.9)),
                                                                ('lgbm',
                                                                 LightGBMEstimator(learning_rate=0.05,
                                                                                   n_estimators=300,
                                                                                   reg_lambda=1.0)),
                                                                ('lr',
                                                                 LogisticRegressionEstimator())],
                                                    final_estimator=LogisticRegression(class_weight='balanced',
                                                                                       max_iter=2000,
                                                                                       random_state=42),
                                                    n_jobs=1,
                                                    stack_method='predict_proba'),
                       method='isotonic'), 'classifier__estimator__xgb__learning_rate': 0.053562390027608195, 'classifier__estimator__xgb__max_depth': 3, 'classifier__estimator__xgb__scale_pos_weight': 6.987165240321487, 'imputer': MeanImputer(), 'normalizer': ZScoreNormalizationNorm(), 'selector': SelectKBestFilter(k=30), 'tamer__contamination': 0.1041659813242575, 'tamer__detector': 'cluster', 'tamer__mad_threshold': 3.295394891089674, 'tamer__remediation': 'cluster_local_median'}",0.214381489825061,0.18640842939430602,0.19397160909633182,0.19667445914289378,0.15288193576631076,0.18886358464498065,0.020193919888571034,186,0.6229647218453187,0.6240256065643347,0.6619473721440192,0.6397467638112753,0.594620499398741,0.6286609927527378,0.02210686259102581,188
73.91545066833496,1.431074170780426,0.6458579540252686,0.0937154473736915,"FunctionSampler(func=<function _identity at 0x70fa04776fc0>, validate=False)","CalibratedClassifierCV(cv=3,
                       estimator=StackingClassifier(estimators=[('xgb',
                                                                 XGBoostEstimator(colsample_bytree=0.9,
                                                                                  n_estimators=300,
                                                                                  subsample=0.9)),
                                                                ('lgbm',
                                                                 LightGBMEstimator(learning_rate=0.05,
                                                                                   n_estimators=300,
                                                                                   reg_lambda=1.0)),
                                                                ('lr',
                                                                 LogisticRegressionEstimator())],
                                                    final_estimator=LogisticRegression(class_weight='balanced',
                                                                                       max_iter=2000,
                                                                                       random_state=42),
                                                    n_jobs=1,
                                                    stack_method='predict_proba'),
                       method='isotonic')",,,,,,,,,,KNNImputerWrapper(),ZScoreNormalizationNorm(),SelectKBestFilter(k=20),0.021601986708332004,cluster,2.5388136687128555,shrink,,,,,,,,,,0.05958083681843248,6.0,4.641869706026773,"{'balancer': FunctionSampler(func=<function _identity at 0x70fa04776fc0>, validate=False), 'classifier': CalibratedClassifierCV(cv=3,
                       estimator=StackingClassifier(estimators=[('xgb',
                                                                 XGBoostEstimator(colsample_bytree=0.9,
                                                                                  n_estimators=300,
                                                                                  subsample=0.9)),
                                                                ('lgbm',
                                                                 LightGBMEstimator(learning_rate=0.05,
                                                                                   n_estimators=300,
                                                                                   reg_lambda=1.0)),
                                                                ('lr',
                                                                 LogisticRegressionEstimator())],
                                                    final_estimator=LogisticRegression(class_weight='balanced',
                                                                                       max_iter=2000,
                                                                                       random_state=42),
                                                    n_jobs=1,
                                                    stack_method='predict_proba'),
                       method='isotonic'), 'classifier__estimator__xgb__learning_rate': 0.05958083681843248, 'classifier__estimator__xgb__max_depth': 6, 'classifier__estimator__xgb__scale_pos_weight': 4.641869706026773, 'imputer': KNNImputerWrapper(), 'normalizer': ZScoreNormalizationNorm(), 'selector': SelectKBestFilter(k=20), 'tamer__contamination': 0.021601986708332004, 'tamer__detector': 'cluster', 'tamer__mad_threshold': 2.5388136687128555, 'tamer__remediation': 'shrink'}",0.26169439243957454,0.28390826562992144,0.2679968918697528,0.2552943385458283,0.2843671162401235,0.27065220094504017,0.011721596217751996,15,0.7235131162369968,0.7172702836528259,0.724870906132843,0.7351241423215676,0.7491794581594398,0.7299915813007347,0.011176234057867879,14
42.1477931022644,1.361988963820067,0.3982248306274414,0.04929117506431637,BorderlineSMOTESampler(),"CalibratedClassifierCV(cv=3,
                       estimator=StackingClassifier(estimators=[('xgb',
                                                                 XGBoostEstimator(colsample_bytree=0.9,
                                                                                  n_estimators=300,
                                                                                  subsample=0.9)),
                                                                ('lgbm',
                                                                 LightGBMEstimator(learning_rate=0.05,
                                                                                   n_estimators=300,
                                                                                   reg_lambda=1.0)),
                                                                ('lr',
                                                                 LogisticRegressionEstimator())],
                                                    final_estimator=LogisticRegression(class_weight='balanced',
                                                                                       max_iter=2000,
                                                                                       random_state=42),
                                                    n_jobs=1,
                                                    stack_method='predict_proba'),
                       method='isotonic')",,,,,,,,,,IterativeModelImputer(),ZScoreNormalizationNorm(),SelectKBestFilter(),0.005672141731981612,statistical,2.946568859420844,cluster_local_median,,,,,,,,,,0.08670770307239768,6.0,4.729489510548738,"{'balancer': BorderlineSMOTESampler(), 'classifier': CalibratedClassifierCV(cv=3,
                       estimator=StackingClassifier(estimators=[('xgb',
                                                                 XGBoostEstimator(colsample_bytree=0.9,
                                                                                  n_estimators=300,
                                                                                  subsample=0.9)),
                                                                ('lgbm',
                                                                 LightGBMEstimator(learning_rate=0.05,
                                                                                   n_estimators=300,
                                                                                   reg_lambda=1.0)),
                                                                ('lr',
                                                                 LogisticRegressionEstimator())],
                                                    final_estimator=LogisticRegression(class_weight='balanced',
                                                                                       max_iter=2000,
                                                                                       random_state=42),
                                                    n_jobs=1,
                                                    stack_method='predict_proba'),
                       method='isotonic'), 'classifier__estimator__xgb__learning_rate': 0.08670770307239768, 'classifier__estimator__xgb__max_depth': 6, 'classifier__estimator__xgb__scale_pos_weight': 4.729489510548738, 'imputer': IterativeModelImputer(), 'normalizer': ZScoreNormalizationNorm(), 'selector': SelectKBestFilter(), 'tamer__contamination': 0.005672141731981612, 'tamer__detector': 'statistical', 'tamer__mad_threshold': 2.946568859420844, 'tamer__remediation': 'cluster_local_median'}",0.1659137092221226,0.1514210318366954,0.16494045176898373,0.19061393351661615,0.14811340416447685,0.16420050610177894,0.01498840580951774,200,0.5691005201266395,0.557600622480017,0.6096307561717478,0.6310957063026102,0.5527162764377166,0.5840287763037462,0.030895080733215927,200
113.43174562454223,5.221940992531302,0.7429381847381592,0.13846649128556257,SMOTESampler(k_neighbors=5),"CalibratedClassifierCV(cv=3,
                       estimator=StackingClassifier(estimators=[('xgb',
                                                                 XGBoostEstimator(colsample_bytree=0.9,
                                                                                  n_estimators=300,
                                                                                  subsample=0.9)),
                                                                ('lgbm',
                                                                 LightGBMEstimator(learning_rate=0.05,
                                                                                   n_estimators=300,
                                                                                   reg_lambda=1.0)),
                                                                ('lr',
                                                                 LogisticRegressionEstimator())],
                                                    final_estimator=LogisticRegression(class_weight='balanced',
                                                                                       max_iter=2000,
                                                                                       random_state=42),
                                                    n_jobs=1,
                                                    stack_method='predict_proba'),
                       method='isotonic')",,,,,,,,,,ClassMeanImputer(),ZScoreNormalizationNorm(),TreeBasedSelection(),0.008654727750711879,cluster,3.704839702659628,percentile_clip,,,,,,,,,,0.09436449274531772,5.0,4.306412560472924,"{'balancer': SMOTESampler(k_neighbors=5), 'classifier': CalibratedClassifierCV(cv=3,
                       estimator=StackingClassifier(estimators=[('xgb',
                                                                 XGBoostEstimator(colsample_bytree=0.9,
                                                                                  n_estimators=300,
                                                                                  subsample=0.9)),
                                                                ('lgbm',
                                                                 LightGBMEstimator(learning_rate=0.05,
                                                                                   n_estimators=300,
                                                                                   reg_lambda=1.0)),
                                                                ('lr',
                                                                 LogisticRegressionEstimator())],
                                                    final_estimator=LogisticRegression(class_weight='balanced',
                                                                                       max_iter=2000,
                                                                                       random_state=42),
                                                    n_jobs=1,
                                                    stack_method='predict_proba'),
                       method='isotonic'), 'classifier__estimator__xgb__learning_rate': 0.09436449274531772, 'classifier__estimator__xgb__max_depth': 5, 'classifier__estimator__xgb__scale_pos_weight': 4.306412560472924, 'imputer': ClassMeanImputer(), 'normalizer': ZScoreNormalizationNorm(), 'selector': TreeBasedSelection(), 'tamer__contamination': 0.008654727750711879, 'tamer__detector': 'cluster', 'tamer__mad_threshold': 3.704839702659628, 'tamer__remediation': 'percentile_clip'}",0.19735631027979406,0.21142847331160441,0.2046823725580718,0.2007107310275148,0.1745224959873934,0.19774007663287568,0.012518752266283144,172,0.5969619233378561,0.595706302610172,0.6148864681332673,0.608074556129306,0.5981962226780788,0.6027650945777361,0.00747657688727303,195
30.93682026863098,2.479015472625695,0.32479228973388674,0.010428781842022953,SMOTESampler(),"CalibratedClassifierCV(cv=3,
                       estimator=StackingClassifier(estimators=[('xgb',
                                                                 XGBoostEstimator(colsample_bytree=0.9,
                                                                                  n_estimators=300,
                                                                                  subsample=0.9)),
                                                                ('lgbm',
                                                                 LightGBMEstimator(learning_rate=0.05,
                                                                                   n_estimators=300,
                                                                                   reg_lambda=1.0)),
                                                                ('lr',
                                                                 LogisticRegressionEstimator())],
                                                    final_estimator=LogisticRegression(class_weight='balanced',
                                                                                       max_iter=2000,
                                                                                       random_state=42),
                                                    n_jobs=1,
                                                    stack_method='predict_proba'),
                       method='isotonic')",,,,,,,,,,MeanImputer(),RobustScalerNorm(),SelectKBestFilter(),0.006442095024533485,statistical,3.5885086390302936,winsorize,,,,,,,,,,0.09402647058235163,3.0,5.434586721865404,"{'balancer': SMOTESampler(), 'classifier': CalibratedClassifierCV(cv=3,
                       estimator=StackingClassifier(estimators=[('xgb',
                                                                 XGBoostEstimator(colsample_bytree=0.9,
                                                                                  n_estimators=300,
                                                                                  subsample=0.9)),
                                                                ('lgbm',
                                                                 LightGBMEstimator(learning_rate=0.05,
                                                                                   n_estimators=300,
                                                                                   reg_lambda=1.0)),
                                                                ('lr',
                                                                 LogisticRegressionEstimator())],
                                                    final_estimator=LogisticRegression(class_weight='balanced',
                                                                                       max_iter=2000,
                                                                                       random_state=42),
                                                    n_jobs=1,
                                                    stack_method='predict_proba'),
                       method='isotonic'), 'classifier__estimator__xgb__learning_rate': 0.09402647058235163, 'classifier__estimator__xgb__max_depth': 3, 'classifier__estimator__xgb__scale_pos_weight': 5.434586721865404, 'imputer': MeanImputer(), 'normalizer': RobustScalerNorm(), 'selector': SelectKBestFilter(), 'tamer__contamination': 0.006442095024533485, 'tamer__detector': 'statistical', 'tamer__mad_threshold': 3.5885086390302936, 'tamer__remediation': 'winsorize'}",0.17673126331110345,0.21475079550030018,0.19393045251894123,0.23414150072405338,0.18932714358150263,0.20177623112718018,0.020295991881887826,166,0.6292436962912709,0.6386821815095141,0.616032397255429,0.6510751927565962,0.6002864822805404,0.6270639900186701,0.017635205184142962,190
102.48035006523132,5.602897501815698,0.526011848449707,0.03082937178023834,SMOTESampler(),"CalibratedClassifierCV(cv=3,
                       estimator=StackingClassifier(estimators=[('xgb',
                                                                 XGBoostEstimator(colsample_bytree=0.9,
                                                                                  n_estimators=300,
                                                                                  subsample=0.9)),
                                                                ('lgbm',
                                                                 LightGBMEstimator(learning_rate=0.05,
                                                                                   n_estimators=300,
                                                                                   reg_lambda=1.0)),
                                                                ('lr',
                                                                 LogisticRegressionEstimator())],
                                                    final_estimator=LogisticRegression(class_weight='balanced',
                                                                                       max_iter=2000,
                                                                                       random_state=42),
                                                    n_jobs=1,
                                                    stack_method='predict_proba'),
                       method='isotonic')",,,,,,,,,,KNNImputerWrapper(),ZScoreNormalizationNorm(),SelectKBestFilter(k=40),0.038420954750660756,statistical,2.6400933243549414,none,,,,,,,,,,0.04913798422423836,4.0,4.169541646266113,"{'balancer': SMOTESampler(), 'classifier': CalibratedClassifierCV(cv=3,
                       estimator=StackingClassifier(estimators=[('xgb',
                                                                 XGBoostEstimator(colsample_bytree=0.9,
                                                                                  n_estimators=300,
                                                                                  subsample=0.9)),
                                                                ('lgbm',
                                                                 LightGBMEstimator(learning_rate=0.05,
                                                                                   n_estimators=300,
                                                                                   reg_lambda=1.0)),
                                                                ('lr',
                                                                 LogisticRegressionEstimator())],
                                                    final_estimator=LogisticRegression(class_weight='balanced',
                                                                                       max_iter=2000,
                                                                                       random_state=42),
                                                    n_jobs=1,
                                                    stack_method='predict_proba'),
                       method='isotonic'), 'classifier__estimator__xgb__learning_rate': 0.04913798422423836, 'classifier__estimator__xgb__max_depth': 4, 'classifier__estimator__xgb__scale_pos_weight': 4.169541646266113, 'imputer': KNNImputerWrapper(), 'normalizer': ZScoreNormalizationNorm(), 'selector': SelectKBestFilter(k=40), 'tamer__contamination': 0.038420954750660756, 'tamer__detector': 'statistical', 'tamer__mad_threshold': 2.6400933243549414, 'tamer__remediation': 'none'}",0.23023172737367634,0.24799622437473975,0.19541611774403794,0.2271433862917683,0.21149772425636734,0.22245703600811795,0.01780997261016009,113,0.6476672037539575,0.6507710263846643,0.6409245242979416,0.6600763952748109,0.6717019169555069,0.6542282133333762,0.010691292536875945,170
67.07298712730407,2.1088186489823117,0.4759648323059082,0.09080953199682068,SMOTESampler(),"CalibratedClassifierCV(cv=3,
                       estimator=StackingClassifier(estimators=[('xgb',
                                                                 XGBoostEstimator(colsample_bytree=0.9,
                                                                                  n_estimators=300,
                                                                                  subsample=0.9)),
                                                                ('lgbm',
                                                                 LightGBMEstimator(learning_rate=0.05,
                                                                                   n_estimators=300,
                                                                                   reg_lambda=1.0)),
                                                                ('lr',
                                                                 LogisticRegressionEstimator())],
                                                    final_estimator=LogisticRegression(class_weight='balanced',
                                                                                       max_iter=2000,
                                                                                       random_state=42),
                                                    n_jobs=1,
                                                    stack_method='predict_proba'),
                       method='isotonic')",,,,,,,,,,IterativeModelImputer(),ZScoreNormalizationNorm(),SelectKBestFilter(k=20),0.011360080060124081,iforest,2.0104255952166246,cluster_local_median,,,,,,,,,,0.03184318942436685,5.0,4.90315649991088,"{'balancer': SMOTESampler(), 'classifier': CalibratedClassifierCV(cv=3,
                       estimator=StackingClassifier(estimators=[('xgb',
                                                                 XGBoostEstimator(colsample_bytree=0.9,
                                                                                  n_estimators=300,
                                                                                  subsample=0.9)),
                                                                ('lgbm',
                                                                 LightGBMEstimator(learning_rate=0.05,
                                                                                   n_estimators=300,
                                                                                   reg_lambda=1.0)),
                                                                ('lr',
                                                                 LogisticRegressionEstimator())],
                                                    final_estimator=LogisticRegression(class_weight='balanced',
                                                                                       max_iter=2000,
                                                                                       random_state=42),
                                                    n_jobs=1,
                                                    stack_method='predict_proba'),
                       method='isotonic'), 'classifier__estimator__xgb__learning_rate': 0.03184318942436685, 'classifier__estimator__xgb__max_depth': 5, 'classifier__estimator__xgb__scale_pos_weight': 4.90315649991088, 'imputer': IterativeModelImputer(), 'normalizer': ZScoreNormalizationNorm(), 'selector': SelectKBestFilter(k=20), 'tamer__contamination': 0.011360080060124081, 'tamer__detector': 'iforest', 'tamer__mad_threshold': 2.0104255952166246, 'tamer__remediation': 'cluster_local_median'}",0.15262442114339825,0.18350204728355968,0.17766973809688025,0.1647088814374462,0.16628383083040907,0.1689577837583387,0.010764902966514002,199,0.5468467322478516,0.6334193959114379,0.6198238664497419,0.5694666478036358,0.6270425125557049,0.5993198309936745,0.034630568892586956,196
156.00409603118896,9.2819388712603,0.43684706687927244,0.04525540610768486,BorderlineSMOTESampler(),"CalibratedClassifierCV(cv=3,
                       estimator=StackingClassifier(estimators=[('xgb',
                                                                 XGBoostEstimator(colsample_bytree=0.9,
                                                                                  n_estimators=300,
                                                                                  subsample=0.9)),
                                                                ('lgbm',
                                                                 LightGBMEstimator(learning_rate=0.05,
                                                                                   n_estimators=300,
                                                                                   reg_lambda=1.0)),
                                                                ('lr',
                                                                 LogisticRegressionEstimator())],
                                                    final_estimator=LogisticRegression(class_weight='balanced',
                                                                                       max_iter=2000,
                                                                                       random_state=42),
                                                    n_jobs=1,
                                                    stack_method='predict_proba'),
                       method='isotonic')",,,,,,,,,,ClassMeanImputer(),RobustScalerNorm(),SelectKBestFilter(k=40),0.06404847965645856,iforest,2.837488338647995,mad_replace,,,,,,,,,,0.07175115027030711,6.0,5.175175079962373,"{'balancer': BorderlineSMOTESampler(), 'classifier': CalibratedClassifierCV(cv=3,
                       estimator=StackingClassifier(estimators=[('xgb',
                                                                 XGBoostEstimator(colsample_bytree=0.9,
                                                                                  n_estimators=300,
                                                                                  subsample=0.9)),
                                                                ('lgbm',
                                                                 LightGBMEstimator(learning_rate=0.05,
                                                                                   n_estimators=300,
                                                                                   reg_lambda=1.0)),
                                                                ('lr',
                                                                 LogisticRegressionEstimator())],
                                                    final_estimator=LogisticRegression(class_weight='balanced',
                                                                                       max_iter=2000,
                                                                                       random_state=42),
                                                    n_jobs=1,
                                                    stack_method='predict_proba'),
                       method='isotonic'), 'classifier__estimator__xgb__learning_rate': 0.07175115027030711, 'classifier__estimator__xgb__max_depth': 6, 'classifier__estimator__xgb__scale_pos_weight': 5.175175079962373, 'imputer': ClassMeanImputer(), 'normalizer': RobustScalerNorm(), 'selector': SelectKBestFilter(k=40), 'tamer__contamination': 0.06404847965645856, 'tamer__detector': 'iforest', 'tamer__mad_threshold': 2.837488338647995, 'tamer__remediation': 'mad_replace'}",0.18781689277888242,0.15954618691612318,0.1597314431030428,0.1891394584251396,0.1545886413839815,0.17016452452143388,0.015072230350159083,198,0.5917394561284486,0.5711324892127042,0.6032680200891278,0.5941642498408432,0.5829879040814885,0.5886584238705225,0.010886325012312176,199
60.53925757408142,1.553363913192906,0.5442461967468262,0.012933777390623418,BorderlineSMOTESampler(),"CalibratedClassifierCV(cv=3,
                       estimator=StackingClassifier(estimators=[('xgb',
                                                                 XGBoostEstimator(colsample_bytree=0.9,
                                                                                  n_estimators=300,
                                                                                  subsample=0.9)),
                                                                ('lgbm',
                                                                 LightGBMEstimator(learning_rate=0.05,
                                                                                   n_estimators=300,
                                                                                   reg_lambda=1.0)),
                                                                ('lr',
                                                                 LogisticRegressionEstimator())],
                                                    final_estimator=LogisticRegression(class_weight='balanced',
                                                                                       max_iter=2000,
                                                                                       random_state=42),
                                                    n_jobs=1,
                                                    stack_method='predict_proba'),
                       method='isotonic')",,,,,,,,,,KNNImputerWrapper(),RobustScalerNorm(),SelectKBestFilter(k=20),0.012580531501694935,statistical,2.486944969224619,winsorize,,,,,,,,,,0.057397535765851014,4.0,6.078413665054206,"{'balancer': BorderlineSMOTESampler(), 'classifier': CalibratedClassifierCV(cv=3,
                       estimator=StackingClassifier(estimators=[('xgb',
                                                                 XGBoostEstimator(colsample_bytree=0.9,
                                                                                  n_estimators=300,
                                                                                  subsample=0.9)),
                                                                ('lgbm',
                                                                 LightGBMEstimator(learning_rate=0.05,
                                                                                   n_estimators=300,
                                                                                   reg_lambda=1.0)),
                                                                ('lr',
                                                                 LogisticRegressionEstimator())],
                                                    final_estimator=LogisticRegression(class_weight='balanced',
                                                                                       max_iter=2000,
                                                                                       random_state=42),
                                                    n_jobs=1,
                                                    stack_method='predict_proba'),
                       method='isotonic'), 'classifier__estimator__xgb__learning_rate': 0.057397535765851014, 'classifier__estimator__xgb__max_depth': 4, 'classifier__estimator__xgb__scale_pos_weight': 6.078413665054206, 'imputer': KNNImputerWrapper(), 'normalizer': RobustScalerNorm(), 'selector': SelectKBestFilter(k=20), 'tamer__contamination': 0.012580531501694935, 'tamer__detector': 'statistical', 'tamer__mad_threshold': 2.486944969224619, 'tamer__remediation': 'winsorize'}",0.21192507431004493,0.2189345166965624,0.20996160933062924,0.2226890516424159,0.1795742663245286,0.2086169036608362,0.015236177325047198,154,0.6710623021257349,0.6204251255570489,0.6580780929475843,0.6568154488222394,0.6113673339463819,0.6435496606797979,0.023299992262454033,175
69.65528564453125,3.3230691180626355,0.37633280754089354,0.04000222619853803,SMOTESampler(k_neighbors=5),"CalibratedClassifierCV(cv=3,
                       estimator=StackingClassifier(estimators=[('xgb',
                                                                 XGBoostEstimator(colsample_bytree=0.9,
                                                                                  n_estimators=300,
                                                                                  subsample=0.9)),
                                                                ('lgbm',
                                                                 LightGBMEstimator(learning_rate=0.05,
                                                                                   n_estimators=300,
                                                                                   reg_lambda=1.0)),
                                                                ('lr',
                                                                 LogisticRegressionEstimator())],
                                                    final_estimator=LogisticRegression(class_weight='balanced',
                                                                                       max_iter=2000,
                                                                                       random_state=42),
                                                    n_jobs=1,
                                                    stack_method='predict_proba'),
                       method='isotonic')",,,,,,,,,,InterpolateImputer(),RobustScalerNorm(),SelectKBestFilter(k=20),0.11367124130432851,cluster,3.452684099868241,winsorize,,,,,,,,,,0.03994780866903622,5.0,5.773961446703092,"{'balancer': SMOTESampler(k_neighbors=5), 'classifier': CalibratedClassifierCV(cv=3,
                       estimator=StackingClassifier(estimators=[('xgb',
                                                                 XGBoostEstimator(colsample_bytree=0.9,
                                                                                  n_estimators=300,
                                                                                  subsample=0.9)),
                                                                ('lgbm',
                                                                 LightGBMEstimator(learning_rate=0.05,
                                                                                   n_estimators=300,
                                                                                   reg_lambda=1.0)),
                                                                ('lr',
                                                                 LogisticRegressionEstimator())],
                                                    final_estimator=LogisticRegression(class_weight='balanced',
                                                                                       max_iter=2000,
                                                                                       random_state=42),
                                                    n_jobs=1,
                                                    stack_method='predict_proba'),
                       method='isotonic'), 'classifier__estimator__xgb__learning_rate': 0.03994780866903622, 'classifier__estimator__xgb__max_depth': 5, 'classifier__estimator__xgb__scale_pos_weight': 5.773961446703092, 'imputer': InterpolateImputer(), 'normalizer': RobustScalerNorm(), 'selector': SelectKBestFilter(k=20), 'tamer__contamination': 0.11367124130432851, 'tamer__detector': 'cluster', 'tamer__mad_threshold': 3.452684099868241, 'tamer__remediation': 'winsorize'}",0.20433165511547338,0.24507051996019102,0.21262391075414835,0.2177794936309313,0.17365661063795312,0.21069243801973941,0.023012698803369286,148,0.66386815920398,0.6479592558534343,0.6347032609464526,0.6235764306429936,0.5950201598641861,0.6330254533022093,0.023284296695403092,186
38.90799927711487,2.880110856989492,0.3262159824371338,0.02174815896911858,SMOTESampler(),"CalibratedClassifierCV(cv=3,
                       estimator=StackingClassifier(estimators=[('xgb',
                                                                 XGBoostEstimator(colsample_bytree=0.9,
                                                                                  n_estimators=300,
                                                                                  subsample=0.9)),
                                                                ('lgbm',
                                                                 LightGBMEstimator(learning_rate=0.05,
                                                                                   n_estimators=300,
                                                                                   reg_lambda=1.0)),
                                                                ('lr',
                                                                 LogisticRegressionEstimator())],
                                                    final_estimator=LogisticRegression(class_weight='balanced',
                                                                                       max_iter=2000,
                                                                                       random_state=42),
                                                    n_jobs=1,
                                                    stack_method='predict_proba'),
                       method='isotonic')",,,,,,,,,,InterpolateImputer(),RobustScalerNorm(),SelectKBestFilter(),0.06447806847303937,statistical,3.3485501485102747,mad_replace,,,,,,,,,,0.06201317786559769,5.0,6.837944838251064,"{'balancer': SMOTESampler(), 'classifier': CalibratedClassifierCV(cv=3,
                       estimator=StackingClassifier(estimators=[('xgb',
                                                                 XGBoostEstimator(colsample_bytree=0.9,
                                                                                  n_estimators=300,
                                                                                  subsample=0.9)),
                                                                ('lgbm',
                                                                 LightGBMEstimator(learning_rate=0.05,
                                                                                   n_estimators=300,
                                                                                   reg_lambda=1.0)),
                                                                ('lr',
                                                                 LogisticRegressionEstimator())],
                                                    final_estimator=LogisticRegression(class_weight='balanced',
                                                                                       max_iter=2000,
                                                                                       random_state=42),
                                                    n_jobs=1,
                                                    stack_method='predict_proba'),
                       method='isotonic'), 'classifier__estimator__xgb__learning_rate': 0.06201317786559769, 'classifier__estimator__xgb__max_depth': 5, 'classifier__estimator__xgb__scale_pos_weight': 6.837944838251064, 'imputer': InterpolateImputer(), 'normalizer': RobustScalerNorm(), 'selector': SelectKBestFilter(), 'tamer__contamination': 0.06447806847303937, 'tamer__detector': 'statistical', 'tamer__mad_threshold': 3.3485501485102747, 'tamer__remediation': 'mad_replace'}",0.20672933773250546,0.19179304807195408,0.16766273330050283,0.24228307484036543,0.15281625529875859,0.19225688984881728,0.031217694571453906,181,0.608562302125735,0.5969866308269081,0.6002511140977578,0.6188264836952677,0.5468557685506119,0.5942964598592562,0.0248939769572671,198
104.74904198646546,2.69868858632652,0.34788689613342283,0.006142939527004616,BorderlineSMOTESampler(),"CalibratedClassifierCV(cv=3,
                       estimator=StackingClassifier(estimators=[('xgb',
                                                                 XGBoostEstimator(colsample_bytree=0.9,
                                                                                  n_estimators=300,
                                                                                  subsample=0.9)),
                                                                ('lgbm',
                                                                 LightGBMEstimator(learning_rate=0.05,
                                                                                   n_estimators=300,
                                                                                   reg_lambda=1.0)),
                                                                ('lr',
                                                                 LogisticRegressionEstimator())],
                                                    final_estimator=LogisticRegression(class_weight='balanced',
                                                                                       max_iter=2000,
                                                                                       random_state=42),
                                                    n_jobs=1,
                                                    stack_method='predict_proba'),
                       method='isotonic')",,,,,,,,,,ClassMeanImputer(),ZScoreNormalizationNorm(),SelectKBestFilter(k=40),0.04733472969398419,cluster,2.259084938244277,mad_replace,,,,,,,,,,0.07986849079773478,4.0,6.354966871278965,"{'balancer': BorderlineSMOTESampler(), 'classifier': CalibratedClassifierCV(cv=3,
                       estimator=StackingClassifier(estimators=[('xgb',
                                                                 XGBoostEstimator(colsample_bytree=0.9,
                                                                                  n_estimators=300,
                                                                                  subsample=0.9)),
                                                                ('lgbm',
                                                                 LightGBMEstimator(learning_rate=0.05,
                                                                                   n_estimators=300,
                                                                                   reg_lambda=1.0)),
                                                                ('lr',
                                                                 LogisticRegressionEstimator())],
                                                    final_estimator=LogisticRegression(class_weight='balanced',
                                                                                       max_iter=2000,
                                                                                       random_state=42),
                                                    n_jobs=1,
                                                    stack_method='predict_proba'),
                       method='isotonic'), 'classifier__estimator__xgb__learning_rate': 0.07986849079773478, 'classifier__estimator__xgb__max_depth': 4, 'classifier__estimator__xgb__scale_pos_weight': 6.354966871278965, 'imputer': ClassMeanImputer(), 'normalizer': ZScoreNormalizationNorm(), 'selector': SelectKBestFilter(k=40), 'tamer__contamination': 0.04733472969398419, 'tamer__detector': 'cluster', 'tamer__mad_threshold': 2.259084938244277, 'tamer__remediation': 'mad_replace'}",0.2565188354393668,0.1830667442173848,0.16284890292430526,0.17865559647861862,0.1600310285544066,0.1882242215228164,0.0352734329804546,189,0.6775391508367254,0.6437221475560586,0.6275270566598288,0.5797941571762042,0.626137087076466,0.6309439198610566,0.03157681893722952,187
152.98980011940003,7.700672892794855,0.6117793560028076,0.1471367065881201,BorderlineSMOTESampler(),"CalibratedClassifierCV(cv=3,
                       estimator=StackingClassifier(estimators=[('xgb',
                                                                 XGBoostEstimator(colsample_bytree=0.9,
                                                                                  n_estimators=300,
                                                                                  subsample=0.9)),
                                                                ('lgbm',
                                                                 LightGBMEstimator(learning_rate=0.05,
                                                                                   n_estimators=300,
                                                                                   reg_lambda=1.0)),
                                                                ('lr',
                                                                 LogisticRegressionEstimator())],
                                                    final_estimator=LogisticRegression(class_weight='balanced',
                                                                                       max_iter=2000,
                                                                                       random_state=42),
                                                    n_jobs=1,
                                                    stack_method='predict_proba'),
                       method='isotonic')",,,,,,,,,,InterpolateImputer(),RobustScalerNorm(),TreeBasedSelection(),0.029229511858907715,iforest,2.3002828938278412,cluster_local_median,,,,,,,,,,0.06928248158830837,6.0,7.863559473208119,"{'balancer': BorderlineSMOTESampler(), 'classifier': CalibratedClassifierCV(cv=3,
                       estimator=StackingClassifier(estimators=[('xgb',
                                                                 XGBoostEstimator(colsample_bytree=0.9,
                                                                                  n_estimators=300,
                                                                                  subsample=0.9)),
                                                                ('lgbm',
                                                                 LightGBMEstimator(learning_rate=0.05,
                                                                                   n_estimators=300,
                                                                                   reg_lambda=1.0)),
                                                                ('lr',
                                                                 LogisticRegressionEstimator())],
                                                    final_estimator=LogisticRegression(class_weight='balanced',
                                                                                       max_iter=2000,
                                                                                       random_state=42),
                                                    n_jobs=1,
                                                    stack_method='predict_proba'),
                       method='isotonic'), 'classifier__estimator__xgb__learning_rate': 0.06928248158830837, 'classifier__estimator__xgb__max_depth': 6, 'classifier__estimator__xgb__scale_pos_weight': 7.863559473208119, 'imputer': InterpolateImputer(), 'normalizer': RobustScalerNorm(), 'selector': TreeBasedSelection(), 'tamer__contamination': 0.029229511858907715, 'tamer__detector': 'iforest', 'tamer__mad_threshold': 2.3002828938278412, 'tamer__remediation': 'cluster_local_median'}",0.2160243296187269,0.18593638433653878,0.17696738567382622,0.17863696856820005,0.1875589094673628,0.18902479553293094,0.014099290961498102,185,0.6064068860244234,0.6120746976020373,0.5868501096413665,0.5927389120746976,0.5889509796986632,0.5974043170082376,0.010008821345836676,197
45.44885182380676,1.3674743512562468,0.4444892406463623,0.09854299315841285,"FunctionSampler(func=<function _identity at 0x70fa04776fc0>, validate=False)","CalibratedClassifierCV(cv=3,
                       estimator=StackingClassifier(estimators=[('xgb',
                                                                 XGBoostEstimator(colsample_bytree=0.9,
                                                                                  n_estimators=300,
                                                                                  subsample=0.9)),
                                                                ('lgbm',
                                                                 LightGBMEstimator(learning_rate=0.05,
                                                                                   n_estimators=300,
                                                                                   reg_lambda=1.0)),
                                                                ('lr',
                                                                 LogisticRegressionEstimator())],
                                                    final_estimator=LogisticRegression(class_weight='balanced',
                                                                                       max_iter=2000,
                                                                                       random_state=42),
                                                    n_jobs=1,
                                                    stack_method='predict_proba'),
                       method='isotonic')",,,,,,,,,,ClassMeanImputer(),ZScoreNormalizationNorm(),SelectKBestFilter(k=30),0.016091187389144446,cluster,3.846631660776694,percentile_clip,,,,,,,,,,0.033226591557845936,4.0,5.224946187102742,"{'balancer': FunctionSampler(func=<function _identity at 0x70fa04776fc0>, validate=False), 'classifier': CalibratedClassifierCV(cv=3,
                       estimator=StackingClassifier(estimators=[('xgb',
                                                                 XGBoostEstimator(colsample_bytree=0.9,
                                                                                  n_estimators=300,
                                                                                  subsample=0.9)),
                                                                ('lgbm',
                                                                 LightGBMEstimator(learning_rate=0.05,
                                                                                   n_estimators=300,
                                                                                   reg_lambda=1.0)),
                                                                ('lr',
                                                                 LogisticRegressionEstimator())],
                                                    final_estimator=LogisticRegression(class_weight='balanced',
                                                                                       max_iter=2000,
                                                                                       random_state=42),
                                                    n_jobs=1,
                                                    stack_method='predict_proba'),
                       method='isotonic'), 'classifier__estimator__xgb__learning_rate': 0.033226591557845936, 'classifier__estimator__xgb__max_depth': 4, 'classifier__estimator__xgb__scale_pos_weight': 5.224946187102742, 'imputer': ClassMeanImputer(), 'normalizer': ZScoreNormalizationNorm(), 'selector': SelectKBestFilter(k=30), 'tamer__contamination': 0.016091187389144446, 'tamer__detector': 'cluster', 'tamer__mad_threshold': 3.846631660776694, 'tamer__remediation': 'percentile_clip'}",0.26100916459039747,0.3140396183525177,0.29208625176950065,0.2795844356209223,0.2605846625839681,0.2814608265834612,0.020158784081249652,3,0.7324598597919493,0.719098818702695,0.7425585343425054,0.7373558746551603,0.7503324609181581,0.7363611096820937,0.010467117327109497,1
85.74849400520324,5.924854582421528,0.5133551120758056,0.08402235298043732,SMOTESampler(k_neighbors=5),"CalibratedClassifierCV(cv=3,
                       estimator=StackingClassifier(estimators=[('xgb',
                                                                 XGBoostEstimator(colsample_bytree=0.9,
                                                                                  n_estimators=300,
                                                                                  subsample=0.9)),
                                                                ('lgbm',
                                                                 LightGBMEstimator(learning_rate=0.05,
                                                                                   n_estimators=300,
                                                                                   reg_lambda=1.0)),
                                                                ('lr',
                                                                 LogisticRegressionEstimator())],
                                                    final_estimator=LogisticRegression(class_weight='balanced',
                                                                                       max_iter=2000,
                                                                                       random_state=42),
                                                    n_jobs=1,
                                                    stack_method='predict_proba'),
                       method='isotonic')",,,,,,,,,,KNNImputerWrapper(),RobustScalerNorm(),SelectKBestFilter(k=30),0.14206760151663797,cluster,2.783438073251188,none,,,,,,,,,,0.04606785822897022,3.0,5.607628699790274,"{'balancer': SMOTESampler(k_neighbors=5), 'classifier': CalibratedClassifierCV(cv=3,
                       estimator=StackingClassifier(estimators=[('xgb',
                                                                 XGBoostEstimator(colsample_bytree=0.9,
                                                                                  n_estimators=300,
                                                                                  subsample=0.9)),
                                                                ('lgbm',
                                                                 LightGBMEstimator(learning_rate=0.05,
                                                                                   n_estimators=300,
                                                                                   reg_lambda=1.0)),
                                                                ('lr',
                                                                 LogisticRegressionEstimator())],
                                                    final_estimator=LogisticRegression(class_weight='balanced',
                                                                                       max_iter=2000,
                                                                                       random_state=42),
                                                    n_jobs=1,
                                                    stack_method='predict_proba'),
                       method='isotonic'), 'classifier__estimator__xgb__learning_rate': 0.04606785822897022, 'classifier__estimator__xgb__max_depth': 3, 'classifier__estimator__xgb__scale_pos_weight': 5.607628699790274, 'imputer': KNNImputerWrapper(), 'normalizer': RobustScalerNorm(), 'selector': SelectKBestFilter(k=30), 'tamer__contamination': 0.14206760151663797, 'tamer__detector': 'cluster', 'tamer__mad_threshold': 2.783438073251188, 'tamer__remediation': 'none'}",0.21798879446394004,0.23089657365216437,0.20677616915221889,0.20965126206032175,0.18541569377561656,0.21014569862085236,0.014935088235204721,150,0.6475117311171414,0.6377449246657707,0.6297481785385868,0.6594220838933296,0.618893683242555,0.6386641202914767,0.014002731085491053,181
47.48948750495911,1.4113555281349832,0.3950326442718506,0.0798914153533962,"FunctionSampler(func=<function _identity at 0x70fa04776fc0>, validate=False)","CalibratedClassifierCV(cv=3,
                       estimator=StackingClassifier(estimators=[('xgb',
                                                                 XGBoostEstimator(colsample_bytree=0.9,
                                                                                  n_estimators=300,
                                                                                  subsample=0.9)),
                                                                ('lgbm',
                                                                 LightGBMEstimator(learning_rate=0.05,
                                                                                   n_estimators=300,
                                                                                   reg_lambda=1.0)),
                                                                ('lr',
                                                                 LogisticRegressionEstimator())],
                                                    final_estimator=LogisticRegression(class_weight='balanced',
                                                                                       max_iter=2000,
                                                                                       random_state=42),
                                                    n_jobs=1,
                                                    stack_method='predict_proba'),
                       method='isotonic')",,,,,,,,,,InterpolateImputer(),RobustScalerNorm(),SelectKBestFilter(k=30),0.08589967349898281,iforest,3.0001544363519015,none,,,,,,,,,,0.0437454680417296,3.0,4.051143915195303,"{'balancer': FunctionSampler(func=<function _identity at 0x70fa04776fc0>, validate=False), 'classifier': CalibratedClassifierCV(cv=3,
                       estimator=StackingClassifier(estimators=[('xgb',
                                                                 XGBoostEstimator(colsample_bytree=0.9,
                                                                                  n_estimators=300,
                                                                                  subsample=0.9)),
                                                                ('lgbm',
                                                                 LightGBMEstimator(learning_rate=0.05,
                                                                                   n_estimators=300,
                                                                                   reg_lambda=1.0)),
                                                                ('lr',
                                                                 LogisticRegressionEstimator())],
                                                    final_estimator=LogisticRegression(class_weight='balanced',
                                                                                       max_iter=2000,
                                                                                       random_state=42),
                                                    n_jobs=1,
                                                    stack_method='predict_proba'),
                       method='isotonic'), 'classifier__estimator__xgb__learning_rate': 0.0437454680417296, 'classifier__estimator__xgb__max_depth': 3, 'classifier__estimator__xgb__scale_pos_weight': 4.051143915195303, 'imputer': InterpolateImputer(), 'normalizer': RobustScalerNorm(), 'selector': SelectKBestFilter(k=30), 'tamer__contamination': 0.08589967349898281, 'tamer__detector': 'iforest', 'tamer__mad_threshold': 3.0001544363519015, 'tamer__remediation': 'none'}",0.2682101711979598,0.3096167561009983,0.26393934174912154,0.26681830896247005,0.2722925946364914,0.2761754345294082,0.01693588863585889,6,0.7305341191768431,0.7242696470255358,0.7354000141472732,0.7361038409846502,0.743665558463606,0.7339946359595817,0.00642652568559388,6
104.52043495178222,6.705536118432765,0.5474084854125977,0.08869561723043384,SMOTESampler(k_neighbors=5),"CalibratedClassifierCV(cv=3,
                       estimator=StackingClassifier(estimators=[('xgb',
                                                                 XGBoostEstimator(colsample_bytree=0.9,
                                                                                  n_estimators=300,
                                                                                  subsample=0.9)),
                                                                ('lgbm',
                                                                 LightGBMEstimator(learning_rate=0.05,
                                                                                   n_estimators=300,
                                                                                   reg_lambda=1.0)),
                                                                ('lr',
                                                                 LogisticRegressionEstimator())],
                                                    final_estimator=LogisticRegression(class_weight='balanced',
                                                                                       max_iter=2000,
                                                                                       random_state=42),
                                                    n_jobs=1,
                                                    stack_method='predict_proba'),
                       method='isotonic')",,,,,,,,,,IterativeModelImputer(),ZScoreNormalizationNorm(),TreeBasedSelection(),0.024846667538787292,statistical,3.674573369179086,none,,,,,,,,,,0.034621114165427944,4.0,6.426224574257859,"{'balancer': SMOTESampler(k_neighbors=5), 'classifier': CalibratedClassifierCV(cv=3,
                       estimator=StackingClassifier(estimators=[('xgb',
                                                                 XGBoostEstimator(colsample_bytree=0.9,
                                                                                  n_estimators=300,
                                                                                  subsample=0.9)),
                                                                ('lgbm',
                                                                 LightGBMEstimator(learning_rate=0.05,
                                                                                   n_estimators=300,
                                                                                   reg_lambda=1.0)),
                                                                ('lr',
                                                                 LogisticRegressionEstimator())],
                                                    final_estimator=LogisticRegression(class_weight='balanced',
                                                                                       max_iter=2000,
                                                                                       random_state=42),
                                                    n_jobs=1,
                                                    stack_method='predict_proba'),
                       method='isotonic'), 'classifier__estimator__xgb__learning_rate': 0.034621114165427944, 'classifier__estimator__xgb__max_depth': 4, 'classifier__estimator__xgb__scale_pos_weight': 6.426224574257859, 'imputer': IterativeModelImputer(), 'normalizer': ZScoreNormalizationNorm(), 'selector': TreeBasedSelection(), 'tamer__contamination': 0.024846667538787292, 'tamer__detector': 'statistical', 'tamer__mad_threshold': 3.674573369179086, 'tamer__remediation': 'none'}",0.2227072552895552,0.2576775225736534,0.24794650440820404,0.2217727505315252,0.18776644311841112,0.2275740951842698,0.0243443722100715,102,0.6576033186341023,0.5997099809011813,0.6783016198627715,0.6566315342717691,0.6115335644054608,0.640756003615057,0.02994750316934732,177
117.61899218559265,1.715790875765987,0.37088351249694823,0.05763567020130486,SMOTESampler(),"CalibratedClassifierCV(cv=3,
                       estimator=StackingClassifier(estimators=[('xgb',
                                                                 XGBoostEstimator(colsample_bytree=0.9,
                                                                                  n_estimators=300,
                                                                                  subsample=0.9)),
                                                                ('lgbm',
                                                                 LightGBMEstimator(learning_rate=0.05,
                                                                                   n_estimators=300,
                                                                                   reg_lambda=1.0)),
                                                                ('lr',
                                                                 LogisticRegressionEstimator())],
                                                    final_estimator=LogisticRegression(class_weight='balanced',
                                                                                       max_iter=2000,
                                                                                       random_state=42),
                                                    n_jobs=1,
                                                    stack_method='predict_proba'),
                       method='isotonic')",,,,,,,,,,IterativeModelImputer(),ZScoreNormalizationNorm(),SelectKBestFilter(k=40),0.04490829091171853,iforest,3.150669638239285,mad_replace,,,,,,,,,,0.04257558027407566,5.0,7.252457743532935,"{'balancer': SMOTESampler(), 'classifier': CalibratedClassifierCV(cv=3,
                       estimator=StackingClassifier(estimators=[('xgb',
                                                                 XGBoostEstimator(colsample_bytree=0.9,
                                                                                  n_estimators=300,
                                                                                  subsample=0.9)),
                                                                ('lgbm',
                                                                 LightGBMEstimator(learning_rate=0.05,
                                                                                   n_estimators=300,
                                                                                   reg_lambda=1.0)),
                                                                ('lr',
                                                                 LogisticRegressionEstimator())],
                                                    final_estimator=LogisticRegression(class_weight='balanced',
                                                                                       max_iter=2000,
                                                                                       random_state=42),
                                                    n_jobs=1,
                                                    stack_method='predict_proba'),
                       method='isotonic'), 'classifier__estimator__xgb__learning_rate': 0.04257558027407566, 'classifier__estimator__xgb__max_depth': 5, 'classifier__estimator__xgb__scale_pos_weight': 7.252457743532935, 'imputer': IterativeModelImputer(), 'normalizer': ZScoreNormalizationNorm(), 'selector': SelectKBestFilter(k=40), 'tamer__contamination': 0.04490829091171853, 'tamer__detector': 'iforest', 'tamer__mad_threshold': 3.150669638239285, 'tamer__remediation': 'mad_replace'}",0.20956396546071926,0.16887997324602824,0.1622180839289226,0.21183504565337802,0.16875117670816084,0.1842496489994418,0.02174207056396374,191,0.6037037822252375,0.6060302751644621,0.6083327438636202,0.6285810285067552,0.5885866874160004,0.6070469034352151,0.012793447511485105,194
69.72604312896729,13.251124587648277,0.45339360237121584,0.20456764178751966,"FunctionSampler(func=<function _identity at 0x70fa04776fc0>, validate=False)","CalibratedClassifierCV(cv=3,
                       estimator=StackingClassifier(estimators=[('xgb',
                                                                 XGBoostEstimator(colsample_bytree=0.9,
                                                                                  n_estimators=300,
                                                                                  subsample=0.9)),
                                                                ('lgbm',
                                                                 LightGBMEstimator(learning_rate=0.05,
                                                                                   n_estimators=300,
                                                                                   reg_lambda=1.0)),
                                                                ('lr',
                                                                 LogisticRegressionEstimator())],
                                                    final_estimator=LogisticRegression(class_weight='balanced',
                                                                                       max_iter=2000,
                                                                                       random_state=42),
                                                    n_jobs=1,
                                                    stack_method='predict_proba'),
                       method='isotonic')",,,,,,,,,,MeanImputer(),RobustScalerNorm(),TreeBasedSelection(),0.007957977486450154,iforest,3.925061892606706,winsorize,,,,,,,,,,0.036978044736723524,6.0,4.521303677884466,"{'balancer': FunctionSampler(func=<function _identity at 0x70fa04776fc0>, validate=False), 'classifier': CalibratedClassifierCV(cv=3,
                       estimator=StackingClassifier(estimators=[('xgb',
                                                                 XGBoostEstimator(colsample_bytree=0.9,
                                                                                  n_estimators=300,
                                                                                  subsample=0.9)),
                                                                ('lgbm',
                                                                 LightGBMEstimator(learning_rate=0.05,
                                                                                   n_estimators=300,
                                                                                   reg_lambda=1.0)),
                                                                ('lr',
                                                                 LogisticRegressionEstimator())],
                                                    final_estimator=LogisticRegression(class_weight='balanced',
                                                                                       max_iter=2000,
                                                                                       random_state=42),
                                                    n_jobs=1,
                                                    stack_method='predict_proba'),
                       method='isotonic'), 'classifier__estimator__xgb__learning_rate': 0.036978044736723524, 'classifier__estimator__xgb__max_depth': 6, 'classifier__estimator__xgb__scale_pos_weight': 4.521303677884466, 'imputer': MeanImputer(), 'normalizer': RobustScalerNorm(), 'selector': TreeBasedSelection(), 'tamer__contamination': 0.007957977486450154, 'tamer__detector': 'iforest', 'tamer__mad_threshold': 3.925061892606706, 'tamer__remediation': 'winsorize'}",0.26948379718976295,0.3096003795259192,0.2666416631212083,0.25596789809494136,0.2787609941217185,0.27609094641071,0.01826412719794524,7,0.7464311962912709,0.7202341373700218,0.7336634363726392,0.7263705170828322,0.7505093018320719,0.7354417177897672,0.011528401414714435,4
22.17136788368225,4.716996759407107,0.2118971347808838,0.03901095206837073,"FunctionSampler(func=<function _identity at 0x70fa04776fc0>, validate=False)","CalibratedClassifierCV(cv=3,
                       estimator=StackingClassifier(estimators=[('xgb',
                                                                 XGBoostEstimator(colsample_bytree=0.9,
                                                                                  n_estimators=300,
                                                                                  subsample=0.9)),
                                                                ('lgbm',
                                                                 LightGBMEstimator(learning_rate=0.05,
                                                                                   n_estimators=300,
                                                                                   reg_lambda=1.0)),
                                                                ('lr',
                                                                 LogisticRegressionEstimator())],
                                                    final_estimator=LogisticRegression(class_weight='balanced',
                                                                                       max_iter=2000,
                                                                                       random_state=42),
                                                    n_jobs=1,
                                                    stack_method='predict_proba'),
                       method='isotonic')",,,,,,,,,,MeanImputer(),RobustScalerNorm(),SelectKBestFilter(),0.018301559873322198,statistical,2.115428211666776,shrink,,,,,,,,,,0.0758649292164339,3.0,7.463085098502476,"{'balancer': FunctionSampler(func=<function _identity at 0x70fa04776fc0>, validate=False), 'classifier': CalibratedClassifierCV(cv=3,
                       estimator=StackingClassifier(estimators=[('xgb',
                                                                 XGBoostEstimator(colsample_bytree=0.9,
                                                                                  n_estimators=300,
                                                                                  subsample=0.9)),
                                                                ('lgbm',
                                                                 LightGBMEstimator(learning_rate=0.05,
                                                                                   n_estimators=300,
                                                                                   reg_lambda=1.0)),
                                                                ('lr',
                                                                 LogisticRegressionEstimator())],
                                                    final_estimator=LogisticRegression(class_weight='balanced',
                                                                                       max_iter=2000,
                                                                                       random_state=42),
                                                    n_jobs=1,
                                                    stack_method='predict_proba'),
                       method='isotonic'), 'classifier__estimator__xgb__learning_rate': 0.0758649292164339, 'classifier__estimator__xgb__max_depth': 3, 'classifier__estimator__xgb__scale_pos_weight': 7.463085098502476, 'imputer': MeanImputer(), 'normalizer': RobustScalerNorm(), 'selector': SelectKBestFilter(), 'tamer__contamination': 0.018301559873322198, 'tamer__detector': 'statistical', 'tamer__mad_threshold': 2.115428211666776, 'tamer__remediation': 'shrink'}",0.2528032739234217,0.274660252920293,0.2537388060866632,0.25830144908984104,0.2792309405651553,0.26374694451707487,0.011031179585823246,22,0.7194390264586159,0.7003395345547146,0.7217266746834547,0.7101046898210369,0.7520725755110702,0.7207365002057784,0.017399339636822473,20
